url_hash,title,url,seendate,domain,language,sourcecountry,query_keyword,query_group,collect_date,kg_entities,kg_match_count,relevance,topic,category
1372cf3e6ee8ed86c35024b1d6418416,Trump Posts Image Labeling Strait of Hormuz as  New US Territory  ,https://news.antiwar.com/2026/08/23/trump-posts-image-labeling-strait-of-hormuz-as-new-us-territory/,20260823T174500Z,news.antiwar.com,English,United States,Persian Gulf,D1_초크포인트,2026-08-23,"[""CP_Hormuz""]",1,HIGH,Hormuz territorial claim,1_Security
c429694635c8d4ce5500f7510fdcde7a,"Trump claims Hormuz on Truth Social , Rezaei says  shut until US changes  ",https://www.euronews.com/2026/08/23/trump-claims-hormuz-on-truth-social-rezaei-says-shut-until-us-changes,20260823T154500Z,euronews.com,English,United States,crude oil,D2_품목,2026-08-23,"[""CP_Hormuz""]",1,HIGH,Hormuz Closure Threat,1_Security
bcc6eeb3d3f3fae5754f5af2bb85ba25,Trump declares Strait of Hormuz  new US territory  as Iran refuses to reopen it,http://www.bgnes.com/conflicts/trump-declares-strait-of-hormuz-new-us-territory-as-iran-refuses-to-reopen-it,20260823T150000Z,bgnes.com,English,Bulgaria,crude oil,D2_품목,2026-08-23,"[""CP_Hormuz""]",1,HIGH,Hormuz strait closure,1_Security
0bd763c17831077ab62834d612ca02bf,A closer look at the Strait of Hormuz after Iran issues new threat,https://www.egyptindependent.com/a-closer-look-at-the-strait-of-hormuz-after-iran-issues-new-threat/,20260823T131500Z,egyptindependent.com,English,Egypt,crude oil,D2_품목,2026-08-23,"[""CP_Hormuz""]",1,HIGH,Hormuz strait threat,1_Security
fdb598a6d935128940027f37fb0d554a,Iran warns neighbours against joining U . S . sanctions as Hormuz stays closed,https://www.timesofearth.com/2026/08/23/iran-warns-neighbours-against-joining-u-s-sanctions-as-hormuz-stays-closed/,20260823T114500Z,timesofearth.com,English,Syria,Persian Gulf,D1_초크포인트,2026-08-23,"[""CP_Hormuz""]",1,HIGH,Hormuz closure,1_Security
f823e9eb038c9fb7fc01dcf0169fb4cb,Iran vows  not a single drop  of oil will leave Gulf if region complies with US plan,http://www.iranherald.com/news/279259528/iran-vows-not-a-single-drop-of-oil-will-leave-gulf-if-region-complies-with-us-plan,20260823T113000Z,iranherald.com,English,Iran,Persian Gulf,D1_초크포인트,2026-08-23,"[""CF_CrudeOil""]",1,HIGH,Oil export threat,1_Security
493af72d60c101cf718379b5dd5cb19c,Trump  new US territory  claim on Hormuz is  bluff and bluster : Foreign affairs expert Robinder Sachdev,https://news.webindia123.com/news/Articles/World/20260823/4490074.html,20260823T111500Z,news.webindia123.com,English,India,Persian Gulf,D1_초크포인트,2026-08-23,"[""CP_Hormuz"", ""KC_LotteConst""]",2,HIGH,Hormuz strait claim,1_Security
40595d339c9e58659b8a707ad4576a84,"Strait of Hormuz reopening wont fix Persian Gulf oil crisis , expert warns",https://www.foxnews.com/world/strait-hormuz-may-only-half-story-new-oil-threat-comes-focus,20260823T110000Z,foxnews.com,English,United States,Persian Gulf,D1_초크포인트,2026-08-23,"[""CP_Hormuz"", ""CF_CrudeOil""]",2,HIGH,Hormuz oil crisis,10_OtherIndustry
65cb4f429a592ecf5964b2d9fc82e4db,Shipping Traffic Through The Strait Of Hormuz Surges As Vessels Increasingly Use US - backed Oman Route,https://www.i24news.tv/en/news/international/artc-shipping-traffic-through-the-strait-of-hormuz-surges-as-vessels-increasingly-use-us-backed-oman-route,20260823T093000Z,i24news.tv,English,Israel,crude oil,D2_품목,2026-08-23,"[""CP_Hormuz"", ""POL_ShippingReroute"", ""BP_OmanLand""]",3,HIGH,Hormuz Shipping Surge,7_Shipping
b153d026416b111957bdba2b2a3aacd2,Trump Reposts Map Calling Strait of Hormuz  America New Territory  ,https://www.khaama.com/trump-reposts-map-calling-strait-of-hormuz-americas-new-territory/,20260823T083000Z,khaama.com,English,Afghanistan,Persian Gulf,D1_초크포인트,2026-08-23,"[""CP_Hormuz""]",1,HIGH,Hormuz territorial claim,1_Security
22e37560ecf3b6c210a2be8b85a3acdd,Iran threatens US Navy in Hormuz as Pakistan chief visits,https://www.bankingnews.gr/diethni/articles/895136/iran-threatens-us-navy-in-hormuz-as-pakistan-chief-visits%20title=,20260823T083000Z,bankingnews.gr,English,Greece,Persian Gulf,D1_초크포인트,2026-08-23,"[""CP_Hormuz""]",1,HIGH,Hormuz military threat,1_Security
11d09709c8153839af04d76605e1ef87,Stricter US sanctions threaten severe economic strain as Iran keeps Hormuz traffic in check,https://dunyanews.tv/en/World/969293-stricter-us-sanctions-threaten-severe-economic-strain-as-iran-keeps-ho,20260823T071500Z,dunyanews.tv,English,Pakistan,natural gas,D2_품목,2026-08-23,"[""CP_Hormuz""]",1,HIGH,Hormuz sanctions risk,1_Security
7b8ba6b9a3d4bb73be7b5216603299fc,"Iran warns neighbours against joining US economic war , threatens action over oil routes",http://www.middleeaststar.com/news/279258917/iran-warns-neighbours-against-joining-us-economic-war-threatens-action-over-oil-routes,20260823T004500Z,middleeaststar.com,English,Syria,Persian Gulf,D1_초크포인트,2026-08-23,"[""EVT_Ukraine2022"", ""CF_CrudeOil""]",2,HIGH,Oil route threats,1_Security
14817b126bd5781c54c8e0f885aa45f2,Strait of Hormuz will not open until US corrects its behaviour : Iran Mohsen Rezaei,http://www.middleeaststar.com/news/279258975/strait-of-hormuz-will-not-open-until-us-corrects-its-behaviour-iran-mohsen-rezaei,20260823T004500Z,middleeaststar.com,English,Syria,Persian Gulf,D1_초크포인트,2026-08-23,"[""CP_Hormuz""]",1,HIGH,Hormuz strait closure threat,1_Security
07929b660fec3cf60e7a36f5394c13cf,Iran energy crisis opens a door for Gulf suppliers,https://www.arabnews.com/node/2655634,20260823T184500Z,arabnews.com,English,Saudi Arabia,petrochemical,D2_품목,2026-08-23,"[""KI_EnergySecurity""]",1,MEDIUM,Iran energy crisis,10_OtherIndustry
978c842e2f5a0a7c101507b2b8b078f7,Trump Launches Economic Pressure Campaign Against Iran,https://afr.net/podcasts/todays-issues-with-tim-wildmon-and-company/2026/august/trump-launches-economic-pressure-campaign-against-iran/,20260823T183000Z,afr.net,English,United States,Persian Gulf,D1_초크포인트,2026-08-23,[],0,MEDIUM,Iran sanctions,1_Security
cb4970797b9651671be633e4c23a2b4f,"Iran president says US memorandum is best path out of stalled war , ",https://www.wtkr.com/us-news/iran-war/irans-president-says-us-memorandum-is-best-path-out-of-stalled-war,20260823T181500Z,wtkr.com,English,United States,Persian Gulf,D1_초크포인트,2026-08-23,"[""EVT_Ukraine2022""]",1,MEDIUM,Iran-US negotiations,1_Security
6a516c4b7f4d8601d9723f9e5f7743e7,"Q1 earnings , US - Iran tensions likely to drive Dalal Street next week",https://www.ibtimes.co.in/q1-earnings-us-iran-tensions-likely-drive-dalal-street-next-week-904991,20260823T181500Z,ibtimes.co.in,English,India,crude oil,D2_품목,2026-08-23,[],0,MEDIUM,Iran Tensions Market,5_EconFinance
f2c92f504c4bc70e37c1f95bd965a2a8,Trump options as he prepares to increase economic pressure on Iran,https://www.jpost.com/middle-east/iran-news/article-906334,20260823T181500Z,jpost.com,English,Israel,refinery,D3_인프라,2026-08-23,[],0,MEDIUM,Iran sanctions,1_Security
6a9cd710abd0fa10395c279c16e94eab,Iran government signals fuel price hike on eve of new US sanctions | US - Israel war on Iran,https://www.aljazeera.com/economy/2026/8/23/iran-government-signals-fuel-price-hike-on-eve-of-new-us-sanctions,20260823T180000Z,aljazeera.com,English,United States,petrochemical,D2_품목,2026-08-23,"[""EVT_Ukraine2022""]",1,MEDIUM,Iran sanctions,1_Security
21e771422f991b1cae60e4cac04325bb,Dangote Refinery Raises Diesel Price by N100 as Crude Oil Surpasses $94,https://zalebs.com/business/dangote-refinery-raises-diesel-price-by-n100-as-crude-oil-surpasses-94/,20260823T180000Z,zalebs.com,English,South Africa,refinery,D3_인프라,2026-08-23,"[""CF_Coal"", ""CF_CrudeOil""]",2,MEDIUM,Crude oil price surge,5_EconFinance
a0505475c5c59574833a137b0f9fad8c,Iran Is Losing Its Grip As New Data Show Ships Thumbing Their Noses at Them in Strait of Hormuz,https://redstate.com/nick-arama/2026/08/23/strait-traffic-increases-400-percent-n2205959,20260823T173000Z,redstate.com,English,United States,crude oil,D2_품목,2026-08-23,"[""CP_Hormuz""]",1,MEDIUM,Hormuz Transit Resumption,7_Shipping
36139b806eeedc8274373ed727bafa91,"South Korea , India eye Arctic route after China regular service launch",https://www.globaltimes.cn/page/202608/1368818.shtml,20260823T164500Z,globaltimes.cn,English,China,Suez Canal,D1_초크포인트,2026-08-23,"[""KC_KAI""]",1,MEDIUM,Arctic route strategy,7_Shipping
28741827e5acb8d36f164c227ba937dd,"Iran Warns U . S .  Economic War  Allies Are  Enemies , Threatens Retaliation",https://www.breitbart.com/politics/2026/08/23/iran-warns-neighbors-joining-u-s-economic-war-will-be-enemies-threatens-earthquake-like-retaliation/,20260823T164500Z,breitbart.com,English,United States,Persian Gulf,D1_초크포인트,2026-08-23,"[""EVT_Ukraine2022""]",1,MEDIUM,Iran-US tensions,1_Security
6830c0a5bda6133cbfa9462ee122dfff,Iran discovers huge 7 . 5 trillion cubic feet gas reserve in Fars Province amid US sanctions pressure,https://www.livemint.com/news/world/iran-discovers-huge-7-5-trillion-cubic-feet-gas-reserve-in-fars-province-amid-us-sanctions-pressure-11787493078354.html,20260823T164500Z,livemint.com,English,India,natural gas,D2_품목,2026-08-23,"[""POL_GrainReserve"", ""KC_SKGas""]",2,MEDIUM,Iran gas reserve discovery,10_OtherIndustry
8db611635d5749b5f0c92af47d120963,"India , Mauritius strengthen energy ties with oil , gas agreements as Puri meets Ramgoolam",https://www.orissapost.com/india-mauritius-strengthen-energy-ties-with-oil-gas-agreements-as-puri-meets-ramgoolam/,20260823T164500Z,orissapost.com,English,India,natural gas,D2_품목,2026-08-23,"[""KI_EnergySecurity"", ""CF_CrudeOil"", ""KC_SKGas""]",3,MEDIUM,India energy ties,5_EconFinance
5242b5bb76cd774f783615fa647a2935,White House Energy Adviser Joins Sable Offshore ( NYSE : SOC ) After Helping Firm Advance Its Pipeline Projects,https://www.foreignpolicyjournal.com/2026/08/23/white-house-energy-adviser-joins-sable-offshore-nyse-soc-after-helping-firm-advance-its-pipeline-projects/,20260823T154500Z,foreignpolicyjournal.com,English,Israel,natural gas,D2_품목,2026-08-23,"[""BP_SaudiEastWest"", ""KI_EnergySecurity""]",2,MEDIUM,Energy infrastructure,10_OtherIndustry
3c7aa86ae08b758a8c81259967c5623c,"Dalal Street Week Ahead : US - Iran situation , Warsh Jackson Hole debut among 10 key factors to watch",https://www.moneycontrol.com/news/business/markets/dalal-street-week-ahead-us-iran-situation-warsh-s-jackson-hole-debut-among-10-key-factors-to-watch-14013255.html,20260823T153000Z,moneycontrol.com,English,India,crude oil,D2_품목,2026-08-23,[],0,MEDIUM,US-Iran geopolitics,1_Security
c19164e1f63d85ab755fb743d693bc0b,"Iran president says US memorandum is best path out of stalled war , and other Middle East news | Nation & World",https://www.ktvo.com/news/nation-world/iran-s-president-says-us-memorandum-is-best-path-out-of-stalled-war-and-other/article_44dce0ec-28db-5f4d-af1e-6a2341ab6a35.html,20260823T134500Z,ktvo.com,English,United States,Persian Gulf,D1_초크포인트,2026-08-23,"[""EVT_Ukraine2022"", ""KC_LotteConst""]",2,MEDIUM,Iran-US diplomacy,1_Security
7b813ca0a04814eb78dbead0de3b995d,Iran condemns US plans to announce new sanctions - International,https://www.dailymirror.lk/breaking-news/Iran-condemns-US-plans-to-announce-new-sanctions/108-348701,20260823T134500Z,dailymirror.lk,English,Sri Lanka,natural gas,D2_품목,2026-08-23,[],0,MEDIUM,Iran sanctions,1_Security
00f28e2ebfb503d540ea97c4b4ca9286,"Ukraine Strikes Radars , Drone Sites in Crimea and Belgorod",https://www.kyivpost.com/post/82940,20260823T133000Z,kyivpost.com,English,Ukraine,refinery,D3_인프라,2026-08-23,"[""EVT_Ukraine2022"", ""KC_LotteConst""]",2,MEDIUM,Ukraine supply disruption,10_OtherIndustry
3f06da778ce1ce754de8ffef096f2a2b,Iran warns countries against joining US  economic pressure campaign  ,https://www.prokerala.com/news/articles/a1803768.html,20260823T131500Z,prokerala.com,English,India,Persian Gulf,D1_초크포인트,2026-08-23,[],0,MEDIUM,Iran sanctions pressure,1_Security
8ecc083f4af3039a1221dc3c63d60309,"Crude Oil Prices , Geopolitical Tensions to Influence Indian Stock Market",https://www.rediff.com/business/report/crude-oil-prices-geopolitical-tensions-to-influence-indian-stock-market/20260823.htm,20260823T131500Z,rediff.com,English,India,crude oil,D2_품목,2026-08-23,"[""CF_Coal"", ""CF_CrudeOil""]",2,MEDIUM,Oil price geopolitics,5_EconFinance
86db693bbdcc8101d759d16754fce6b7,Top security official comments are a fresh sign of Iran readiness to go on the offense,https://www.egyptindependent.com/top-security-officials-comments-are-a-fresh-sign-of-irans-readiness-to-go-on-the-offense/,20260823T131500Z,egyptindependent.com,English,Egypt,crude oil,D2_품목,2026-08-23,[],0,MEDIUM,Iran military posture,1_Security
9b0c7be46b87a967d59bb46035219553,"Iran president says US memorandum is best path out of stalled war , and other Middle East news | National",https://www.dailygazette.com/ap/national/iran-s-president-says-us-memorandum-is-best-path-out-of-stalled-war-and-other/article_76190580-2d5f-5a42-b3ae-9d2806ddf119.html,20260823T114500Z,dailygazette.com,English,United States,Persian Gulf,D1_초크포인트,2026-08-23,"[""EVT_Ukraine2022"", ""KC_LotteConst""]",2,MEDIUM,Iran-US diplomacy,1_Security
9a93285e7562cf567cf4b01365398dc0,Iran warns countries against aiding US economic war,https://www.middle-east-online.com/en/iran-warns-countries-against-aiding-us-economic-war,20260823T114500Z,middle-east-online.com,English,Iraq,natural gas,D2_품목,2026-08-23,"[""EVT_Ukraine2022""]",1,MEDIUM,Iran sanctions threat,1_Security
9d9341984ef0d7d1423f753c01c5f6e2,Iran Top Security Chief Escalates Rhetoric . Warning Aimed At US Allies . ,https://www.ibtimes.com/irans-top-security-chief-escalates-rhetoric-warning-aimed-us-allies-3806690,20260823T113000Z,ibtimes.com,English,United States,Persian Gulf,D1_초크포인트,2026-08-23,[],0,MEDIUM,Iran rhetoric escalation,1_Security
23a66ee873eefd67a01503966fc9dcdf,"Iran president says US memorandum is best path out of stalled war , and other Middle East news",https://www.dailyexcelsior.com/irans-president-says-us-memorandum-is-best-path-out-of-stalled-war-and-other-middle-east-news/,20260823T111500Z,dailyexcelsior.com,English,India,Persian Gulf,D1_초크포인트,2026-08-23,"[""EVT_Ukraine2022"", ""KC_LotteConst""]",2,MEDIUM,Iran-US negotiations,1_Security
ffdc31203ed30e42cbb55308fdd1ccb3,"Iran president says US memorandum is best path out of stalled war , and other Middle East news | National News",http://www.postregister.com/news/national/iran-s-president-says-us-memorandum-is-best-path-out-of-stalled-war-and-other/article_97e3c0e8-f5b9-5c99-b2bb-b66ad6ef8099.html,20260823T111500Z,postregister.com,English,United States,Persian Gulf,D1_초크포인트,2026-08-23,"[""EVT_Ukraine2022"", ""KC_LotteConst""]",2,MEDIUM,Iran-US diplomacy,1_Security
76dc9e56797a657aab8328375c3bd743,Global energy crisis escalates as refinery shock hits US and EU,https://www.bankingnews.gr/energeia/articles/895152/global-energy-crisis-escalates-as-refinery-shock-hits-us-and-eu,20260823T111500Z,bankingnews.gr,English,Greece,crude oil,D2_품목,2026-08-23,"[""KI_EnergySecurity"", ""KC_LotteConst""]",2,MEDIUM,Global energy crisis,10_OtherIndustry
53a317b0de193105048829dff8e53133,أسعار غاز آسيا لأعلى مستوى في 150 يوماً,https://www.okaz.com.sa/economy/na/2262473,20260823T110000Z,okaz.com.sa,English,Saudi Arabia,natural gas,D2_품목,2026-08-23,[],0,MEDIUM,Asia gas prices,5_EconFinance
d9b1689d6a9a32e56893fe9eeee172ae,"US memorandum is best path out of stalled war , says Iranian President",https://www.business-standard.com/world-news/us-memorandum-is-best-path-out-of-stalled-war-says-iranian-president-126082300289_1.html,20260823T103000Z,business-standard.com,English,India,Persian Gulf,D1_초크포인트,2026-08-23,"[""EVT_Ukraine2022""]",1,MEDIUM,Iran-US negotiations,1_Security
fd8633337342206a9e781a1f9759ada6,CDF Munir to visit Tehran on Monday : Iranian foreign ministry,https://tribune.com.pk/story/2625381/iran-threatens-neighboring-countries-against-joining-us-economic-war,20260823T101500Z,tribune.com.pk,English,Pakistan,Persian Gulf,D1_초크포인트,2026-08-23,[],0,MEDIUM,Iran-US diplomacy,1_Security
fcb0e08f9500ec2bb751eb1d70548964,Trump shares Hormuz image as,http://www.chinanationalnews.com/news/279259207/trump-shares-hormuz-image-as-us-territory-as-iran-faces-new-sanctions,20260823T093000Z,chinanationalnews.com,English,China,Persian Gulf,D1_초크포인트,2026-08-23,"[""CP_Hormuz""]",1,MEDIUM,Hormuz imagery,1_Security
23fb1b58e0624c8ea9a1e0ead1190a36,"Stock Market Outlook : Crude Oil , US - Iran Tensions & Fed Signals To Drive Sensex , Nifty This Week",https://www.freepressjournal.in/business/stock-market-outlook-crude-oil-us-iran-tensions-fed-signals-to-drive-sensex-nifty-this-week,20260823T090000Z,freepressjournal.in,English,India,crude oil,D2_품목,2026-08-23,"[""CF_Coal"", ""CF_CrudeOil""]",2,MEDIUM,Oil price market drivers,5_EconFinance
0eca9b027db44041a1e52185eaf4b945,Fires Ravage Logistics Sites in Russia Orenburg and St . Petersburg,https://www.kyivpost.com/post/82921,20260823T084500Z,kyivpost.com,English,Ukraine,refinery,D3_인프라,2026-08-23,"[""KC_LotteLogistics"", ""KC_LotteConst""]",2,MEDIUM,Russia logistics disruption,8_Logistics
052588cab94a19e3b863704762bd01d6,Iran - US war latest : Tehran warns of  earthquake - like  retaliation over Trump  economic D - Day  threats,https://www.independent.co.uk/news/world/middle-east/iran-us-war-live-trump-threats-hormuz-power-plant-update-b3037671.html,20260823T083000Z,independent.co.uk,English,United Kingdom,Persian Gulf,D1_초크포인트,2026-08-23,"[""EVT_Ukraine2022""]",1,MEDIUM,Iran-US tensions,1_Security
b3be27caba3b1489957af6f6c093332e,"Iran president says US memorandum is best path out of stalled war , and other Middle East news – Winnipeg Free Press",https://www.winnipegfreepress.com/world/2026/08/23/irans-president-says-us-memorandum-is-best-path-out-of-stalled-war-and-other-middle-east-news,20260823T083000Z,winnipegfreepress.com,English,Canada,Persian Gulf,D1_초크포인트,2026-08-23,"[""EVT_Ukraine2022"", ""KC_LotteConst""]",2,MEDIUM,Iran-US negotiations,1_Security
4add9162e83b3fa80bc4235add3d06fd,US - Iran war : Crude oil price is key | Is Tehran writing the obituary of Turkey - Pakistan - Saudi Arabia defence pact ? ,https://www.livemint.com/market/commodities/us-iran-war-crude-oil-price-is-key-is-tehran-writing-the-obituary-of-turkey-pakistan-saudi-arabias-defence-pact-11787455149964.html,20260823T083000Z,livemint.com,English,India,crude oil,D2_품목,2026-08-23,"[""CF_Coal"", ""BP_SaudiEastWest"", ""EVT_Ukraine2022"", ""CF_CrudeOil""]",4,MEDIUM,US-Iran tensions,1_Security
737dc8ea248b09e583f53beae19075d6,Iran condemns US plans to announce new sanctions - Middle East and Africa,http://www.thejakartapost.com/world/2026/08/23/iran-condemns-us-plans-to-announce-new-sanctions,20260823T083000Z,thejakartapost.com,English,Indonesia,natural gas,D2_품목,2026-08-23,"[""KC_LotteConst""]",1,MEDIUM,Iran sanctions,1_Security
2ed9a6c1210599b06e1fc4400eecd508,Ukraine - Russia war latest : Macron to deliver missile interceptors to Kyiv as Putin pulls ambassador from united kingdom ,https://www.independent.co.uk/news/world/europe/ukraine-russia-war-live-putin-zelensky-missiles-ambassador-b3037670.html,20260823T083000Z,independent.co.uk,English,United Kingdom,refinery,D3_인프라,2026-08-23,"[""EVT_Ukraine2022""]",1,MEDIUM,Ukraine grain disruption,10_OtherIndustry
aa4007cc6df791e66926d447d4a3fa28,Iran warns countries against joining U . S .  economic pressure campaign - Xinhua,https://english.news.cn/20260823/e6af67aeb5e34ddb9063145bcf0df931/c.html,20260823T080000Z,english.news.cn,English,,Persian Gulf,D1_초크포인트,2026-08-23,[],0,MEDIUM,Iran sanctions warning,1_Security
8a286b59ae300054a752beade70bf19b,"Market outlook next week : Fed Chair speech , US - Iran tensions and crude oil in focus",https://www.prokerala.com/news/articles/a1803647.html,20260823T074500Z,prokerala.com,English,India,crude oil,D2_품목,2026-08-23,"[""CF_Coal"", ""CF_CrudeOil"", ""KC_LotteConst""]",3,MEDIUM,Oil price outlook,5_EconFinance
1047ae2118b539cb580f7061aaa95f00,Trade war between Canada and the U . S . further ruptures a once - close and durable alliance,https://www.texarkanagazette.com/news/2026/aug/22/trade-war-between-canada-and-the-us-further/,20260823T074500Z,texarkanagazette.com,English,United States,crude oil,D2_품목,2026-08-23,"[""EVT_Ukraine2022"", ""KC_LotteConst""]",2,MEDIUM,Canada-US trade war,5_EconFinance
e30e1a755b0fb977bbefb817837ce035,India fertiliser supplies for Rabi season remain on track despite Strait of Hormuz disruptions,https://www.hindustantimes.com/india-news/india-fertiliser-supplies-for-rabi-season-remain-on-track-despite-strait-of-hormuz-disruptions-west-asia-101787468065080.html,20260823T074500Z,hindustantimes.com,English,India,natural gas,D2_품목,2026-08-23,"[""CP_Hormuz""]",1,MEDIUM,Hormuz disruption,10_OtherIndustry
2d3ee477b342013d067fe6b00bf396d6,US oil and gas workers drive production to record high : Energy Secretary Chris Wright,https://timesofoman.com/article/175939-us-oil-and-gas-workers-drive-production-to-record-high,20260823T071500Z,timesofoman.com,English,Oman,natural gas,D2_품목,2026-08-23,"[""KI_EnergySecurity"", ""CF_CrudeOil"", ""KC_LotteConst"", ""KC_SKGas""]",4,MEDIUM,US oil production record,5_EconFinance
1bf0325e796e2511b9c7466c477d21a9,Iran warns countries against joining in US sanctions,https://www.rte.ie/news/world/2026/0823/1588886-middle-east/,20260823T071500Z,rte.ie,English,Ireland,natural gas,D2_품목,2026-08-23,[],0,MEDIUM,Iran sanctions,1_Security
772ffb028972cf9b87a950b83fb7fe8b,South Pars Phase 14 refinery recovery reaches 70 %: POGC,https://www.iranoilgas.com/news/details.aspx?id=28966&title=South+Pars+Phase+14+refinery+recovery+reaches+70%:+POGC,20260823T071500Z,iranoilgas.com,English,Iran,refinery,D3_인프라,2026-08-23,[],0,MEDIUM,Iran refinery recovery,10_OtherIndustry
5c9d801dd8f5d64bd5428181140fc5fc,South Korean ship sets sail for Europe via Arctic for first time,https://finance.yahoo.com/economy/articles/south-korean-ship-sets-sail-051820027.html,20260823T070000Z,finance.yahoo.com,English,United States,Suez Canal,D1_초크포인트,2026-08-23,"[""KC_KoreanAir""]",1,MEDIUM,Arctic route expansion,7_Shipping
584afab0e77662d13ef5d47d977ab768,Iran condemns US plans to announce new sanctions,https://www.rappler.com/world/middle-east/iran-condemns-us-plans-to-announce-new-sanctions/,20260823T070000Z,rappler.com,English,Philippines,natural gas,D2_품목,2026-08-23,[],0,MEDIUM,Iran sanctions,1_Security
d771e3ac6982ba43875ec6cc4e22afb3,Iran warns countries against joining U . S . ,http://www.bignewsnetwork.com/news/279259300/iran-warns-countries-against-joining-us-economic-pressure-campaign,20260823T064500Z,bignewsnetwork.com,English,United States,Persian Gulf,D1_초크포인트,2026-08-23,[],0,MEDIUM,Iran sanctions warning,1_Security
643365027b7a5d98ac5959dfb1a80187,"IRAN WAR WEEK 26 , day # 2 : Washington and Tehran move farther apart , not closer . ",https://www.dailykos.com/stories/2026/8/22/800088092/community/i/,20260823T064500Z,dailykos.com,English,United States,crude oil,D2_품목,2026-08-23,"[""EVT_Ukraine2022"", ""KC_LotteConst""]",2,MEDIUM,Iran-US Tensions,1_Security
30137176c138f6a924ea1aaca664c593,"Ukraine Invasion Day 1 , 641 : UKR deep strikes continue . Putin frames RU combined strike campaign as victory to the RU public",https://www.dailykos.com/stories/2026/8/22/800088093/community/1641/,20260823T064500Z,dailykos.com,English,United States,refinery,D3_인프라,2026-08-23,"[""EVT_Ukraine2022""]",1,MEDIUM,Ukraine grain disruption,10_OtherIndustry
8e5e01bfdf9946622860d3129cd8e724,The new energy war in the Eastern Mediterranean ( and why Egypt and Turkey stand to gain ) ,https://english.elpais.com/economy-and-business/2026-08-23/the-new-energy-war-in-the-eastern-mediterranean-and-why-egypt-and-turkey-stand-to-gain.html,20260823T063000Z,english.elpais.com,English,Spain,natural gas,D2_품목,2026-08-23,"[""KI_EnergySecurity"", ""EVT_Ukraine2022"", ""KC_LotteConst""]",3,MEDIUM,Eastern Mediterranean energy,1_Security
429ac61ea9e4e558861b4cb28fd29207,"US - Iran War :  Not going to bow our heads , says Pezeshkian ; Iran has not compromised on any MoU clause",https://www.livemint.com/news/world/us-iran-war-donald-trump-not-going-to-bow-our-heads-masoud-pezeshkian-mou-clause-economic-threat-jd-vance-us-israel-11787452787051.html,20260823T050000Z,livemint.com,English,India,Persian Gulf,D1_초크포인트,2026-08-23,"[""EVT_Ukraine2022""]",1,MEDIUM,Iran-US conflict,1_Security
114f48cc01d35f5a0033ea1fe8cb4ee7,Iran Warns Neighboring Countries  Not to Align With America in Any Way  ,https://sputnikglobe.com/20260823/iran-warns-neighboring-countries-not-to-align-with-america-in-any-way-1124616762.html,20260823T050000Z,sputnikglobe.com,English,,Persian Gulf,D1_초크포인트,2026-08-23,[],0,MEDIUM,Iran regional warnings,1_Security
b9389ef2de05e184cd34a3f0ad83eefd,US Fed chair Warsh speech to US - Iran war : Top five triggers that may dictate the Indian stock market this week,https://www.livemint.com/market/stock-market-news/us-fed-chair-warshs-speech-to-us-iran-war-top-five-triggers-that-may-dictate-the-indian-stock-market-this-week-11787453214240.html,20260823T050000Z,livemint.com,English,India,crude oil,D2_품목,2026-08-23,"[""EVT_Ukraine2022""]",1,MEDIUM,Oil price market drivers,5_EconFinance
58e1cf8478d325e0eccaf02866dd3eb7,Iran War 2026 - LIVE UPDATES,https://arynews.tv/news/liveblog/iran-war-2026-live-updates-trump-us-israel?update=23-Aug-2026-08-00-00,20260823T050000Z,arynews.tv,English,Pakistan,crude oil,D2_품목,2026-08-23,"[""EVT_Ukraine2022""]",1,MEDIUM,Iran conflict updates,1_Security
f29126012a6f7471053a16f5543f5971,Six EU countries urge windfall tax on energy firms as profits soar due to Iran war,https://www.middleeasteye.net/live-blog/live-blog-update/six-eu-countries-urge-windfall-tax-energy-firms-profits-soar-due-iran,20260823T050000Z,middleeasteye.net,English,Israel,crude oil,D2_품목,2026-08-23,"[""KI_EnergySecurity"", ""EVT_Ukraine2022""]",2,MEDIUM,Energy price impacts,5_EconFinance
0ea4df704c4938837263cc21fa771f78,Every Chokepoint That Isnt Hormuz  | Peak Oil News and Message Boards,https://peakoil.com/production/every-chokepoint-that-isnt-hormuz,20260823T044500Z,peakoil.com,English,United States,Persian Gulf,D1_초크포인트,2026-08-23,"[""CP_Hormuz"", ""CF_CrudeOil"", ""KC_LotteConst""]",3,MEDIUM,Chokepoint analysis,1_Security
662423fb05ebf6e6b34cd0e3f9402983,Why is Georgia Kulevi refinery abandoning Russian oil under EU pressure,https://news.az/news/why-is-georgias-kulevi-refinery-abandoning-russian-oil-under-eu-pressure,20260823T043000Z,news.az,English,Azerbaijan,crude oil,D2_품목,2026-08-23,"[""CF_CrudeOil""]",1,MEDIUM,Refinery crude sourcing,10_OtherIndustry
3df158ce6515ff52d38161afb053d612,"Pezeshkian Urges End to War , Iran Military Vows Retaliation as Bessent Prepares Sanctions",https://www.hngn.com/articles/272831/20260822/trump-declares-economic-d-day-iran-uae-cuts-all-trade-ties-hormuz-attacks-continue.htm,20260823T040000Z,hngn.com,English,United States,Persian Gulf,D1_초크포인트,2026-08-23,"[""EVT_Ukraine2022""]",1,MEDIUM,Iran military tensions,1_Security
1bb2a07c0813eb2acfb9f55857ff5531,Washington Eases Gasoline Rules as Iran Pressure Campaign Jolts Fuel Costs – NaturalNews . com,https://www.naturalnews.com/2026-08-22-washington-eases-gasoline-rules-iran-pressure-campaign.html,20260823T040000Z,naturalnews.com,English,United States,crude oil,D2_품목,2026-08-23,[],0,MEDIUM,Iran Fuel Cost Impact,10_OtherIndustry
2de2a773298e6a616694df2f23894f65,"Iran security chief threatens neighbors against economic measures , and other Mideast developments",https://www.newsminer.com/iran-security-chief-threatens-neighbors-against-economic-measures-and-other-mideast-developments/article_467c3346-67e9-45f9-9def-bc0564e6889e.html,20260823T033000Z,newsminer.com,English,United States,Persian Gulf,D1_초크포인트,2026-08-23,"[""KC_LotteConst""]",1,MEDIUM,Iran regional threats,1_Security
072a2358371bc70782ea871928587037,Jordan caught in Iran - US - Israel war crossfire - 23 - Aug - 2026,https://home.nzcity.co.nz/news/article.aspx?id=452520,20260823T033000Z,home.nzcity.co.nz,English,New Zealand,Persian Gulf,D1_초크포인트,2026-08-23,"[""EVT_Ukraine2022""]",1,MEDIUM,Middle East conflict,1_Security
064a04b6d1f1bae0648116f2b57d6f51,Jordan caught in Iran - US - Israel war crossfire,https://www.abc.net.au/news/2026-08-23/jordan-caught-in-the-iran-us-israel-war-crossfire/107064774,20260823T033000Z,abc.net.au,English,Australia,Persian Gulf,D1_초크포인트,2026-08-23,"[""EVT_Ukraine2022""]",1,MEDIUM,Middle East conflict,1_Security
9b671b428111d30920be618f752fc91c,Iran security chief warns neighbours on US economic war,https://www.merimbulanewsweekly.com.au/story/9335377/iran-security-chief-warns-neighbours-on-us-economic-war/,20260823T033000Z,merimbulanewsweekly.com.au,English,Australia,Persian Gulf,D1_초크포인트,2026-08-23,"[""EVT_Ukraine2022""]",1,MEDIUM,Iran sanctions warning,1_Security
41dc81abfe91838cc07d17cb96857d86,Iran has not compromised on any clause of MoU : President Pezeshkian,http://www.heraldglobe.com/news/279259005/iran-has-not-compromised-on-any-clause-of-mou-president-pezeshkian,20260823T023000Z,heraldglobe.com,English,United States,Persian Gulf,D1_초크포인트,2026-08-23,[],0,MEDIUM,Iran-US negotiations,1_Security
d38c16d16cde9c42d28481ec6406f214,US hits Canada with 50 % tariffs as trade war intensifies,https://www.canoncitydailyrecord.com/2026/08/22/us-hits-canada-with-50-tariffs-as-trade-war-intensifies/,20260823T023000Z,canoncitydailyrecord.com,English,United States,crude oil,D2_품목,2026-08-23,"[""EVT_Ukraine2022""]",1,MEDIUM,US-Canada tariffs,5_EconFinance
5b31c3962c7d9fd72a53fa29bb5c58db,Iran condemns U . S . plans to announce new sanctions,https://www.spokesman.com/stories/2026/aug/21/iran-condemns-us-plans-to-announce-new-sanctions/,20260823T023000Z,spokesman.com,English,United States,natural gas,D2_품목,2026-08-23,[],0,MEDIUM,Iran sanctions,1_Security
e9c2ef48b179ac5654dbc8e6f298dd09,World News : Ukraine opened  Pandora box  by hitting economic targets says Putin,https://www.gdnonline.com:443/Details/1404193/Ukraine-opened-%E2%80%98Pandora%E2%80%99s-box%E2%80%99-by-hitting-economic-targets-says-Putin-,20260823T023000Z,gdnonline.com,English,United States,refinery,D3_인프라,2026-08-23,"[""EVT_Ukraine2022""]",1,MEDIUM,Ukraine grain disruption,10_OtherIndustry
b5c783d4f167dfff08227bd45d3fd2a4,A trade war between Canada and the US further ruptures a once - close and durable alliance,https://www.ocregister.com/2026/08/22/a-trade-war-between-canada-and-the-us-further-ruptures-a-once-close-and-durable-alliance/,20260823T014500Z,ocregister.com,English,United States,crude oil,D2_품목,2026-08-23,"[""EVT_Ukraine2022"", ""KC_LotteConst""]",2,MEDIUM,Canada-US trade war,5_EconFinance
4c48b677cf2d57a16aeac6ebb92995dd,World News : Trump wants more economic pressure : What are his options ? ,https://www.gdnonline.com:443/Details/1404196/Trump-wants-more-economic-pressure-What-are-his-options,20260823T010000Z,gdnonline.com,English,United States,refinery,D3_인프라,2026-08-23,[],0,MEDIUM,Iran sanctions,1_Security
80e8222ce77af6bfac4f873458fc722e,"A trade war between Canada and the US further ruptures a once - close and durable alliance – KTBB News , Weather , Talk",https://ktbb.com/post/?p=1534724,20260823T004500Z,ktbb.com,English,United States,crude oil,D2_품목,2026-08-23,"[""EVT_Ukraine2022"", ""KC_LotteConst""]",2,MEDIUM,Canada-US trade war,5_EconFinance
0d3f99b8d6f7e12d306e35c4cc9a9a59,Analyzing Nextpower ( NASDAQ : NXT ) & Clean Energy Technologies ( NASDAQ : CETY ) ,https://www.tickerreport.com/banking-finance/13555697/analyzing-nextpower-nasdaqnxt-clean-energy-technologies-nasdaqcety.html,20260823T184500Z,tickerreport.com,English,United States,natural gas,D2_품목,2026-08-23,"[""KI_EnergySecurity""]",1,LOW,,
fbf9aff10f356a47decfda8f4e6fd851,Best Oil Stocks To Add to Your Watchlist – August 23rd,https://www.themarketsdaily.com/2026/08/23/best-oil-stocks-to-add-to-your-watchlist-august-23rd.html,20260823T183000Z,themarketsdaily.com,English,United States,crude oil,D2_품목,2026-08-23,"[""CF_CrudeOil""]",1,LOW,Oil stocks,
9ed373fd4059e96b0739a9914be14034,Manufacturing Stocks To Follow Today – August 23rd,https://www.themarketsdaily.com/2026/08/23/manufacturing-stocks-to-follow-today-august-23rd.html,20260823T183000Z,themarketsdaily.com,English,United States,crude oil,D2_품목,2026-08-23,"[""KS_Manufacture""]",1,LOW,Manufacturing Stocks,
e7923bbec0ac85083a042a14207a76d8,Fertilizer Stocks To Watch Today – August 23rd,https://www.themarketsdaily.com/2026/08/23/fertilizer-stocks-to-watch-today-august-23rd.html,20260823T183000Z,themarketsdaily.com,English,United States,crude oil,D2_품목,2026-08-23,[],0,LOW,Fertilizer stocks,
5adf1ae58d8573f71315e34edfb1a644,Sharp Increase in Sugar Prices Matter of Concern : Haryana Cong Chief,https://dailypioneer.com/news/sharp-increase-sugar-prices-haryana-cong-chief,20260823T181500Z,dailypioneer.com,English,India,crude oil,D2_품목,2026-08-23,[],0,LOW,Sugar Price Concern,
a847f81b7705d70aeb90ddb3fb335654,Japan and Geopolitics : China and the Russian Federation – Modern Tokyo Times,https://moderntokyotimes.com/japan-and-geopolitics-china-and-the-russian-federation/,20260823T174500Z,moderntokyotimes.com,English,Japan,natural gas,D2_품목,2026-08-23,"[""EVT_Japan2019"", ""KC_LotteConst""]",2,LOW,Geopolitical analysis,
be4c6bd229271b6a58ec363622790fe6,India - Mauritius discuss strengthening energy partnership,https://www.prokerala.com/news/articles/a1803842.html,20260823T173000Z,prokerala.com,English,India,natural gas,D2_품목,2026-08-23,"[""KI_EnergySecurity""]",1,LOW,,
b26a27373279872cff4dd707185e2948,"Iran president says US memorandum is best path out of stalled war , and other Middle East news – Orlando Sentinel",https://www.orlandosentinel.com/2026/08/23/irans-president-says-us-memorandum-is-best-path-out-of-stalled-war-and-other-middle-east-news/,20260823T171500Z,orlandosentinel.com,English,United States,Persian Gulf,D1_초크포인트,2026-08-23,"[""EVT_Ukraine2022"", ""KC_LotteConst""]",2,LOW,Iran-US diplomacy,
360cce6670fb5597534629702b2fecbf,Iran president says US memorandum is best path out of stalled war,https://www.chicagotribune.com/2026/08/23/iran-president-stalled-war/,20260823T171500Z,chicagotribune.com,English,United States,Persian Gulf,D1_초크포인트,2026-08-23,"[""EVT_Ukraine2022""]",1,LOW,Iran-US diplomacy,
d00d5fabc7f016177e3054889f08785e,"Iran president says US memorandum is best path out of stalled war , and other Middle East news | Nation",http://www.somdnews.com/ap/nation/iran-s-president-says-us-memorandum-is-best-path-out-of-stalled-war-and-other/article_2ab35b9f-42ad-563d-bc11-57673b106f46.html,20260823T171500Z,somdnews.com,English,United States,Persian Gulf,D1_초크포인트,2026-08-23,"[""EVT_Ukraine2022"", ""KC_LotteConst""]",2,LOW,Iran-US diplomacy,
0069158da18ebf0a123a8e96adc29feb,Iran president says US memorandum is best path out of stal ... ,https://www.semissourian.com/world/irans-president-says-us-memorandum-is-best-path-out-of-stalled-war-and-other-middle-east-news-1e41e34a,20260823T171500Z,semissourian.com,English,United States,Persian Gulf,D1_초크포인트,2026-08-23,[],0,LOW,Iran-US diplomacy,
fe283a7cd52679c5103c5f68e16ea236,"Nigerian Petroleum Staff PENGASSAN President Vows To Protect Jobs , Fight Casualisation",https://saharareporters.com/2026/08/22/nigerian-petroleum-staff-pengassan-president-vows-protect-jobs-fight-casualisation,20260823T171500Z,saharareporters.com,English,Nigeria,natural gas,D2_품목,2026-08-23,"[""POL_SPR""]",1,LOW,,
ff8289b9e726e27a2f731e4018e91873,Prime Minister Carney delivers remarks on Canada - U . S . trade (...) ,http://www.thepatrioticvanguard.com/prime-minister-carney-delivers-remarks-on-canada-u-s-trade-negotiations,20260823T164500Z,thepatrioticvanguard.com,English,Sierra Leone,crude oil,D2_품목,2026-08-23,[],0,LOW,Political remarks,
d481663373cef5caa3f1904026b3e04c,Gas Turbine Prices Are on Track to Nearly Triple . These Stocks Are Cashing In,https://www.fool.com/investing/2026/08/23/gas-turbine-prices-on-track-triple-stocks-gev/,20260823T164500Z,fool.com,English,United States,natural gas,D2_품목,2026-08-23,"[""KC_SKGas""]",1,LOW,Gas turbine prices,
e67668569b98a41d4267be5a847628c6,PipeChina Horgos station delivers 600 bcm - plus of natural gas : report,https://www.globaltimes.cn/page/202608/1368838.shtml,20260823T164500Z,globaltimes.cn,English,China,natural gas,D2_품목,2026-08-23,"[""KC_SKGas""]",1,LOW,China gas delivery,
41ff2e8cc4cab775a2c37667b7e16ef5,One of Exxon Biggest Oil Fields Is Running Out of Room to Grow . Here Why That Not a Crisis . ,https://finance.yahoo.com/energy/articles/one-exxons-biggest-oil-fields-160500654.html,20260823T164500Z,finance.yahoo.com,English,United States,natural gas,D2_품목,2026-08-23,"[""CF_CrudeOil""]",1,LOW,,
14d732cf0ff9c3dba21856fd73fe5bb4,Greek Cypriots rally to stop Turkish - TRNC pipeline,https://www.dailysabah.com/politics/greek-cypriots-rally-to-stop-turkish-trnc-pipeline/news,20260823T154500Z,dailysabah.com,English,Turkey,natural gas,D2_품목,2026-08-23,"[""BP_SaudiEastWest""]",1,LOW,Cyprus pipeline dispute,
6e0796383a74dd06ac0454ee7eccde99,Bangladesh factories shutting down as gas crisis worsens,https://www.prokerala.com/news/articles/a1803812.html,20260823T151500Z,prokerala.com,English,India,LNG terminal,D3_인프라,2026-08-23,"[""KC_SKGas""]",1,LOW,Bangladesh gas crisis,
f0305179c7794baff2a662cf4e52ef0e,Head - To - Head Contrast : Naturgy Energy Group ( GASNF ) & Its Rivals,https://www.tickerreport.com/banking-finance/13555636/head-to-head-contrast-naturgy-energy-group-gasnf-its-rivals.html,20260823T150000Z,tickerreport.com,English,United States,natural gas,D2_품목,2026-08-23,"[""KI_EnergySecurity"", ""KC_Sajo""]",2,LOW,,
675ccaa9265ed7acc54b36c800931af9,Sinopec Half - year Profit Grew 19 . 3 % on Year Despite Iran War,https://english.aawsat.com/business/5310151-sinopecs-half-year-profit-grew-193-year-despite-iran-war,20260823T144500Z,english.aawsat.com,English,Syria,crude oil,D2_품목,2026-08-23,"[""EVT_Ukraine2022""]",1,LOW,,
09abd4bd50d8ee7453b7aa239444863d,"Pezeshkian defends US memorandum as path beyond war , economic crisis",https://dailypost.ng/2026/08/23/pezeshkian-defends-us-memorandum-as-path-beyond-war-economic-crisis/,20260823T144500Z,dailypost.ng,English,Nigeria,crude oil,D2_품목,2026-08-23,"[""EVT_Ukraine2022""]",1,LOW,Iran diplomacy,
cf5bfced9faba3628598e83c415fa920,The energy challenges of the next presidency,https://cyprus-mail.com/2026/08/23/the-energy-challenges-of-the-next-presidency,20260823T144500Z,cyprus-mail.com,English,Cyprus,natural gas,D2_품목,2026-08-23,"[""KI_EnergySecurity""]",1,LOW,,
928cddfa5fba9ed4701d0e00ef36f2b9,Head to Head Comparison : Capital Power ( CPXWF ) & Its Rivals,https://www.themarketsdaily.com/2026/08/23/head-to-head-comparison-capital-power-cpxwf-its-rivals.html,20260823T144500Z,themarketsdaily.com,English,United States,natural gas,D2_품목,2026-08-23,"[""KC_KOMIPO""]",1,LOW,,
0e9e51c47a2bb3daca5bde26e8f8fc4a,Germany gas reserves fall to record low for season : INES,https://tradearabia.com:443/News/466847/Germany-gas-reserves-fall-to-record-low-for-season-INES,20260823T144500Z,tradearabia.com,English,United Arab Emirates,natural gas,D2_품목,2026-08-23,"[""KC_SKGas""]",1,LOW,,
e3c306ddd0c1deb694f1425dcf2886c2,Equinor to acquire major Pennsylvania gas power plant stake,https://tradearabia.com:443/News/466849/Equinor-to-acquire-major-Pennsylvania-gas-power-plant-stake/OGN,20260823T144500Z,tradearabia.com,English,United Arab Emirates,natural gas,D2_품목,2026-08-23,"[""KC_KOMIPO"", ""KC_SKGas""]",2,LOW,,
d953a374d3f90226aa29df2237b90ec0,"Navy , Army intercept illegal petroleum products , arrest 3 suspects - Blueprint Newspapers Limited",https://blueprint.ng/navy-army-intercept-illegal-petroleum-products-arrest-3-suspects/,20260823T134500Z,blueprint.ng,English,Nigeria,crude oil,D2_품목,2026-08-23,"[""POL_SPR""]",1,LOW,Domestic law enforcement,
cc6d69d7ea1545768074e37108f91b09,"Putin tipped to  mobilise 300 , 000 more troop but Zelensky vows to  wipe them out  | World | News",https://www.express.co.uk/news/world/2241685/putin-russia-mobilisation-ukraine-war,20260823T134500Z,express.co.uk,English,United Kingdom,refinery,D3_인프라,2026-08-23,[],0,LOW,,
b2c2219d11b61dd4484afd35050ea2d7,"Iran president says US memorandum is best path out of stalled war , and other Middle East news | National news coverage",http://www.thegazette.com/news/national/iran-s-president-says-us-memorandum-is-best-path-out-of-stalled-war-and-other/article_a6d337f2-2380-52d0-b074-cc27c43d7625.html,20260823T131500Z,thegazette.com,English,United States,Persian Gulf,D1_초크포인트,2026-08-23,"[""EVT_Ukraine2022"", ""KC_LotteConst""]",2,LOW,Iran-US diplomacy,
4554ec144a810737b9ffeff236d9fc40,"WealthShield Partners LLC Takes $3 . 10 Million Position in Diamondback Energy , Inc . $FANG",https://www.themarketsdaily.com/2026/08/23/wealthshield-partners-llc-takes-3-10-million-position-in-diamondback-energy-inc-fang.html,20260823T131500Z,themarketsdaily.com,English,United States,natural gas,D2_품목,2026-08-23,"[""KI_EnergySecurity""]",1,LOW,,
bed23f83d8ed88755895ab537639f4ce,Six EU countries urge windfall tax on energy firms,https://www.thelocal.de/20260823/six-eu-countries-urge-windfall-tax-on-energy-firms,20260823T130000Z,thelocal.de,English,Germany,crude oil,D2_품목,2026-08-23,"[""KI_EnergySecurity""]",1,LOW,EU energy tax,
fff71115b703a922a6161016970e7293,Fuel Price Hike : Nigerian Filling Stations Increase Pump Prices,https://www.informationng.com/2026/08/fuel-price-hike-nigerian-filling-stations-increase-pump-prices.html,20260823T124500Z,informationng.com,English,Nigeria,crude oil,D2_품목,2026-08-23,[],0,LOW,Nigerian fuel prices,
2b4af2796b7771181c2844f26fee0fec,GQG Partners LLC Makes New $411 . 55 Million Investment in Cenovus Energy Inc $CVE,https://www.themarketsdaily.com/2026/08/23/gqg-partners-llc-makes-new-411-55-million-investment-in-cenovus-energy-inc-cve.html,20260823T123000Z,themarketsdaily.com,English,United States,crude oil,D2_품목,2026-08-23,"[""KI_EnergySecurity""]",1,LOW,Energy investment,
ca1a424432c3d160fe3ad87fee8a169b,"Iran president says US memorandum is best path out of stalled war , and other Middle East news :: WRAL . com",https://www.wral.com/news/ap/a3fff-iran-s-president-says-us-memorandum-is-best-path-out-of-stalled-war-and-other-middle-east-news/,20260823T121500Z,wral.com,English,United States,Persian Gulf,D1_초크포인트,2026-08-23,"[""EVT_Ukraine2022"", ""KC_LotteConst""]",2,LOW,Iran-US diplomacy,
7c59cda2ce032e4552dc236045a908aa,"Iran president says US memorandum is best path out of stalled war , and other Middle East news | National & World",http://www.dailyadvance.com/news/national/iran-s-president-says-us-memorandum-is-best-path-out-of-stalled-war-and-other/article_12b1cc1e-ec0a-5056-96c0-d9cce043e141.html,20260823T121500Z,dailyadvance.com,English,United States,Persian Gulf,D1_초크포인트,2026-08-23,"[""EVT_Ukraine2022"", ""KC_LotteConst""]",2,LOW,Iran-US diplomacy,
08dcc5bfa1d46d09dc1ada0e175edbad,"Northwestern Mutual Wealth Management Co . Buys Shares of 46 , 866 Marathon Petroleum Corporation $MPC",https://www.themarketsdaily.com/2026/08/23/northwestern-mutual-wealth-management-co-buys-shares-of-46866-marathon-petroleum-corporation-mpc.html,20260823T121500Z,themarketsdaily.com,English,United States,crude oil,D2_품목,2026-08-23,"[""POL_SPR""]",1,LOW,Stock investment,
e5cb17b7f8c64b503bccc41f0a0f5a88,Contrasting ENN Energy ( XNGSF ) and The Competition,https://www.themarketsdaily.com/2026/08/23/contrasting-enn-energy-xngsf-and-the-competition.html,20260823T121500Z,themarketsdaily.com,English,United States,natural gas,D2_품목,2026-08-23,"[""KI_EnergySecurity"", ""KC_LotteConst""]",2,LOW,Energy company comparison,
f18a2c0ba9ad4946c8dd5340ea8b0c41,X Square Capital LLC Takes $1 . 69 Million Position in Occidental Petroleum Corporation $OXY,https://www.themarketsdaily.com/2026/08/23/x-square-capital-llc-takes-1-69-million-position-in-occidental-petroleum-corporation-oxy.html,20260823T121500Z,themarketsdaily.com,English,United States,natural gas,D2_품목,2026-08-23,"[""POL_SPR""]",1,LOW,Oil company investment,
e45f9bcd468f962b97ff8c74c40fd31d,Iran Fajr Petchem signs power plant rehabilitation contract with MAPNA,https://www.iranoilgas.com/news/details.aspx?id=28967&title=Iran%E2%80%99s+Fajr+Petchem+signs+power+plant+rehabilitation+contract+with+MAPNA,20260823T120000Z,iranoilgas.com,English,Iran,Persian Gulf,D1_초크포인트,2026-08-23,"[""KC_KOMIPO""]",1,LOW,Iran infrastructure,
a87b8216878c2f2549368a1fdee7597d,Sinopec reports 19 % profit jump in H1 2026 despite Middle East crisis,https://finance.yahoo.com/energy/articles/sinopec-reports-19-profit-jump-113126453.html,20260823T120000Z,finance.yahoo.com,English,United States,crude oil,D2_품목,2026-08-23,[],0,LOW,,
4caf05cc3c2619f65c9b7db13e6431cc,  Sought to turn Iran into another Venezuela ...: Pezeshkian lauds Iranian resistance against US attacks,http://www.haitisun.com/news/279259556/sought-to-turn-iran-into-another-venezuela-pezeshkian-lauds-iranian-resistance-against-us-attacks,20260823T114500Z,haitisun.com,English,United States,Persian Gulf,D1_초크포인트,2026-08-23,[],0,LOW,Iran-US tensions,
530de9a34a5a4ed8c8b94b817164ad6e,Back to the Petrol Subsidy Question – THISDAYLIVE,https://www.thisdaylive.com/2026/08/23/back-to-the-petrol-subsidy-question/,20260823T114500Z,thisdaylive.com,English,Nigeria,crude oil,D2_품목,2026-08-23,[],0,LOW,,
1e20d3cb940d3333f4764a949dd68aa1,"Cadence Wealth Management LLC Purchases New Shares in Diamondback Energy , Inc . $FANG",https://www.themarketsdaily.com/2026/08/23/cadence-wealth-management-llc-purchases-new-shares-in-diamondback-energy-inc-fang.html,20260823T114500Z,themarketsdaily.com,English,United States,natural gas,D2_품목,2026-08-23,"[""KI_EnergySecurity""]",1,LOW,,
cf5ac4da7aa0feefe3f5df0a436610a7,Solewant Group Deepens African Expansion Drive as Roadmap Plus Moves from Strategy to Execution – THISDAYLIVE,https://www.thisdaylive.com/2026/08/23/solewant-group-deepens-african-expansion-drive-as-roadmap-plus-moves-from-strategy-to-execution/,20260823T114500Z,thisdaylive.com,English,Nigeria,petrochemical,D2_품목,2026-08-23,"[""POL_GrainReserve"", ""KC_Sajo""]",2,LOW,,
a68173e79268467d121ce12f7c95c180,Assam hydrocarbon reset : Oil legacy to energy future,https://www.hindustantimes.com/ht-insight/governance/assams-hydrocarbon-reset-oil-legacy-to-energy-future-101787480122489.html,20260823T111500Z,hindustantimes.com,English,India,crude oil,D2_품목,2026-08-23,"[""KI_EnergySecurity"", ""CF_CrudeOil""]",2,LOW,Regional energy transition,
b93dd8e7d118819cd39019a6f654f95c,Libya : Failure To Fix Libya,http://www.strategypage.com/qnd/libya/articles/2026082365616.aspx,20260823T111500Z,strategypage.com,English,China,natural gas,D2_품목,2026-08-23,[],0,LOW,,
37f4f5252a3a362d40fcc51b8366074d,"Greenland Capital Management LP Acquires Shares of 60 , 070 ONE Gas , Inc . $OGS",https://www.themarketsdaily.com/2026/08/23/greenland-capital-management-lp-acquires-shares-of-60070-one-gas-inc-ogs.html,20260823T111500Z,themarketsdaily.com,English,United States,natural gas,D2_품목,2026-08-23,"[""KC_SKGas""]",1,LOW,Energy company investment,
7441830f29abfeda1daba77204d1a365,"Iran president says US memorandum is best path out of stalled war , and other Middle East news | Us",http://www.idahopress.com/ap_news/us/iran-s-president-says-us-memorandum-is-best-path-out-of-stalled-war-and-other/article_549bdd40-0b52-5185-ae7b-87b6f3c095f2.html,20260823T110000Z,idahopress.com,English,United States,Persian Gulf,D1_초크포인트,2026-08-23,"[""EVT_Ukraine2022"", ""KC_LotteConst""]",2,LOW,Iran-US diplomacy,
520693bb274453851e11680cacc7a409,National Defense Industry Day : How Iran turned sanctions into strength and rose as a global military power,https://www.presstv.co.uk/Detail/2026/08/22/774850/defense-industry-day-how-iran-turned-sanctions-strength-rose-global-military-power,20260823T110000Z,presstv.co.uk,English,,Persian Gulf,D1_초크포인트,2026-08-23,"[""KI_Industry"", ""KC_KOMIPO"", ""KC_LotteConst""]",3,LOW,,
64009b84795ad3ee0cfb2c9b1f2f9661,Europe Dodges a Rhine Crisis for the Worst Possible Reason  | Peak Oil News and Message Boards,https://peakoil.com/consumption/europe-dodges-a-rhine-crisis-for-the-worst-possible-reason,20260823T110000Z,peakoil.com,English,United States,naphtha,D2_품목,2026-08-23,"[""CF_CrudeOil"", ""KC_LotteConst""]",2,LOW,European waterway logistics,
d9088e3c1244d17d8cebc32251d1b4fe,From Wells to Budget : Where Does Libya Oil Money Go ? ,https://english.aawsat.com/features/5310137-wells-budget-where-does-libya%E2%80%99s-oil-money-go,20260823T101500Z,english.aawsat.com,English,Syria,crude oil,D2_품목,2026-08-23,"[""CF_CrudeOil""]",1,LOW,Libya oil revenue,
b6d5a88ed9546df8ab6b900e1d310a99,Westpac Banking Corp Takes $1 . 05 Million Position in ConocoPhillips $COP,https://www.themarketsdaily.com/2026/08/23/westpac-banking-corp-takes-1-05-million-position-in-conocophillips-cop.html,20260823T101500Z,themarketsdaily.com,English,United States,crude oil,D2_품목,2026-08-23,[],0,LOW,Energy stock position,
daca8404353e016b095896e74cf86984,Iran says the world has accepted it has defeated the US  | Peak Oil News and Message Boards,https://peakoil.com/publicpolicy/iran-says-the-world-has-accepted-it-has-defeated-the-us,20260823T093000Z,peakoil.com,English,United States,Persian Gulf,D1_초크포인트,2026-08-23,"[""CF_CrudeOil"", ""KC_LotteConst""]",2,LOW,Iran geopolitics,
e1aa66c28a9389c37da32320c7f7ccb9,Three new LPG pipeline projects worth ₹7000 crore greenlit : Why it matters,https://www.theweek.in/news/biz-tech/2026/08/22/pnrb-india-lpg-pipeline-expansion.html,20260823T093000Z,theweek.in,English,India,natural gas,D2_품목,2026-08-23,"[""BP_SaudiEastWest""]",1,LOW,,
acf318d9ba4989aedc0a23d406341c2e,Russia runs out of petrol at seven in 10 stations as fuel crisis worsens  | Peak Oil News and Message Boards,https://peakoil.com/production/russia-runs-out-of-petrol-at-seven-in-10-stations-as-fuel-crisis-worsens,20260823T093000Z,peakoil.com,English,United States,refinery,D3_인프라,2026-08-23,"[""CF_CrudeOil"", ""KC_LotteConst""]",2,LOW,Russia fuel crisis,
692e89af0f0c28b6e9a57736a634ecea,"Iran president says US memorandum is best path out of stalled war , and other Middle East news | AP National News",https://www.messenger-inquirer.com/ap/ap_national_news/iran-s-president-says-us-memorandum-is-best-path-out-of-stalled-war-and-other/article_c01942cb-a2be-598a-9afb-9c32db70ae28.html,20260823T090000Z,messenger-inquirer.com,English,United States,Persian Gulf,D1_초크포인트,2026-08-23,"[""EVT_Ukraine2022"", ""KC_LotteConst""]",2,LOW,Iran-US diplomacy,
91f6446eefb6b419e8ed9098ef03dee0,Clean Air Act changes by Trump admin could impact New York | News,https://www.dailygazette.com/ade/news/adirondacks-acid-rain-recovery/article_99eb13c1-b554-463c-99a0-764b0883b7e8.html,20260823T083000Z,dailygazette.com,English,United States,natural gas,D2_품목,2026-08-23,"[""KC_KoreanAir""]",1,LOW,Environmental regulation,
da5225e5adf254817186a26e6a714c9c,"Navy , army intercept 8 , 500 litres of illegal petroleum products",https://www.vanguardngr.com/2026/08/navy-army-intercept-8500-litres-of-illegal-petroleum-products/,20260823T081500Z,vanguardngr.com,English,Nigeria,crude oil,D2_품목,2026-08-23,"[""POL_SPR""]",1,LOW,Petroleum seizure,
b1d96da08cdca1f19392fb61b5b85075,Centre asks states to appoint district nodal officers to speed up LPG - to - PNG shift,https://www.newindianexpress.com/india/2026/Aug/23/centre-asks-states-to-appoint-district-nodal-officers-to-speed-up-lpg-to-png-shift,20260823T080000Z,newindianexpress.com,English,India,natural gas,D2_품목,2026-08-23,[],0,LOW,,
c158947440f25f17303c1f93a282a653,"Centre pushes states to speed up PNG adoption , seeks district - level officers to drive LPG - to - gas transition",https://economictimes.indiatimes.com/industry/energy/oil-gas/centre-pushes-states-to-speed-up-png-adoption-seeks-district-level-officers-to-drive-lpg-to-gas-transition/articleshow/133436060.cms,20260823T074500Z,economictimes.indiatimes.com,English,India,natural gas,D2_품목,2026-08-23,"[""KC_SKGas""]",1,LOW,India LPG transition,
bd8737bd69914916cb2c388c3c8c29b2,SM Energy ( NYSE : SM ) Upgraded by Wall Street Zen to Strong - Buy Rating,https://www.themarketsdaily.com/2026/08/23/sm-energy-nysesm-upgraded-by-wall-street-zen-to-strong-buy-rating.html,20260823T073000Z,themarketsdaily.com,English,United States,crude oil,D2_품목,2026-08-23,"[""KI_EnergySecurity""]",1,LOW,Energy stock rating,
32c3d5343bdd9ad3a7df754297bde180,Charles Sauer : Got coal ? ,https://www.dailyfreeman.com/2026/08/23/charles-sauer-got-coal/,20260823T063000Z,dailyfreeman.com,English,United States,natural gas,D2_품목,2026-08-23,"[""CF_Coal""]",1,LOW,Coal market opinion,
ca3703789e785c8b1b658c397280ade4,xAI Memphis Data Center Sparks Outrage Over Unpermitted Gas Turbines Polluting Nearby Neighborhoods,https://www.ibtimes.com.au/xai-legal-backlash-unpermitted-gas-turbines-memphis-1874408,20260823T063000Z,ibtimes.com.au,English,Australia,natural gas,D2_품목,2026-08-23,"[""KC_SKGas""]",1,LOW,Data center emissions,
71029dfae7e75bebe12340e7f462698f,"By linking domestic fuel consumption with farm - based feedstocks , ethanol has given agriculture access to a demand source . ",https://www.thehindubusinessline.com/economy/agri-business/the-other-side-of-ethanol-boosting-farmers-income/article71375180.ece,20260823T061500Z,thehindubusinessline.com,English,India,crude oil,D2_품목,2026-08-23,"[""KS_FoodAgri""]",1,LOW,Ethanol Agriculture,
a91c69d45bbd351be4b0ada81a81f2a7,  More drilling wont lower bill : Scotland top energy expert take,https://www.heraldscotland.com/news/26487260.more-drilling-wont-lower-bills-scotlands-top-energy-experts-take/,20260823T061500Z,heraldscotland.com,English,United Kingdom,natural gas,D2_품목,2026-08-23,"[""KI_EnergySecurity""]",1,LOW,,
51141410f22028d5775d20662b144a0d,"Stock Market prediction for tomorrow , 24 August 2026 : Sensex , Nifty outlook for Monday US , South Korea , Taiwan cues",https://www.livemint.com/market/stock-market-news/stock-market-prediction-for-tomorrow-24-august-2026-sensex-nifty-outlook-for-monday-us-south-korea-taiwan-cues-11787450741265.html,20260823T050000Z,livemint.com,English,India,crude oil,D2_품목,2026-08-23,"[""CP_Taiwan"", ""KC_KAI""]",2,LOW,Stock Market Prediction,
27058fb782a945827336e328e43db426,"Pakistan , the War Mediator : Plays All Sides , Gains No Trust",https://pjmedia.com/uzay-bulut/2026/08/22/pakistan-the-war-mediator-plays-all-sides-gains-no-trust-n4956424,20260823T050000Z,pjmedia.com,English,United States,natural gas,D2_품목,2026-08-23,"[""EVT_Ukraine2022""]",1,LOW,,
9244cbb811fe42a224578313857d5e7d,Russian and Ukrainian attacks kill 10 people,https://www.koat.com/article/russian-ukrainian-attacks-kill-10-people/73503156,20260823T050000Z,koat.com,English,United States,refinery,D3_인프라,2026-08-23,"[""KC_LotteConst""]",1,LOW,,
3840a5cfd8a7bdc334cbdefa8be983de,British Power Plants Shut Down For Four Days In Iranian Cyber - attack - Report | LIVE BLOG,https://www.i24news.tv/en/news/international/artc-british-power-plants-shut-down-for-four-days-in-iranian-cyber-attack-report-live-blog,20260823T044500Z,i24news.tv,English,Israel,Persian Gulf,D1_초크포인트,2026-08-23,"[""KC_KOMIPO""]",1,LOW,UK cyber incident,
74671ec09830ac1291428c0d169e38f2,"Petrol , diesel prices today , August 23 : Check latest rates in Delhi , Mumbai , Chennai , Kolkata & more",https://www.businesstoday.in/india/story/petrol-diesel-prices-today-august-23-check-latest-rates-in-delhi-mumbai-chennai-kolkata-more-550789-2026-08-23,20260823T043000Z,businesstoday.in,English,India,crude oil,D2_품목,2026-08-23,[],0,LOW,Domestic fuel prices,
b4535046fa542f5a9d5f026231d8e456,"Russian and Ukrainian attacks kill 10 people , a day after shopping mall drone strike",https://www.wsbradio.com/news/world/russian-attacks/XOPUWUKPEE5KPMZKBHPH3OYYRU/,20260823T040000Z,wsbradio.com,English,United States,refinery,D3_인프라,2026-08-23,"[""KC_LotteConst""]",1,LOW,,
86334eb05c4d306d5a9508f7e4c177f9,Don Hank Dossier : Elon Musk Starlink serves Nazi Ukraine and must be turned off – The Greanville Post,https://www.greanvillepost.com/don-hanks-dossier-elon-musks-starlink-serves-nazi-ukraine-and-must-be-turned-off/,20260823T023000Z,greanvillepost.com,English,United States,refinery,D3_인프라,2026-08-23,"[""EVT_Ukraine2022"", ""KC_LotteConst""]",2,LOW,Ukraine conflict,
95b75eb98ebfc0165d14bc1af8c1f086,WEC Energy Group ( NYSE : WEC ) versus AusNet Services ( OTCMKTS : SAUNF ) Head to Head Contrast,https://www.themarketsdaily.com/2026/08/23/wec-energy-group-nysewec-versus-ausnet-services-otcmktssaunf-head-to-head-contrast.html,20260823T014500Z,themarketsdaily.com,English,United States,natural gas,D2_품목,2026-08-23,"[""KI_EnergySecurity"", ""KC_Sajo""]",2,LOW,,
fe1ef0a22585257babb7eac4a6cd6b0e,Hot US Weather Forecasts Push Nat - Gas Prices Higher,https://finance.yahoo.com/markets/commodities/articles/hot-us-weather-forecasts-push-191451114.html,20260823T014500Z,finance.yahoo.com,English,United States,natural gas,D2_품목,2026-08-23,"[""KC_SKGas""]",1,LOW,,
f47dc0417b3d4986b65997d9a086e2e4,"Russian and Ukrainian attacks kill 10 people , a day after deadly shopping mall drone strike",https://www.ocregister.com/2026/08/22/russian-and-ukrainian-attacks-kill-10-people-a-day-after-deadly-shopping-mall-drone-strike/,20260823T014500Z,ocregister.com,English,United States,refinery,D3_인프라,2026-08-23,"[""KC_LotteConst""]",1,LOW,,
7bfcb3d781ef56e199f5413410563726,"Russian And Ukrainian Attacks Kill 10 People , A Day After Deadly Shopping Mall Drone Strike – 710am KURV",https://www.kurv.com/russian-and-ukrainian-attacks-kill-10-people-a-day-after-deadly-shopping-mall-drone-strike/,20260823T010000Z,kurv.com,English,United States,refinery,D3_인프라,2026-08-23,"[""KC_LotteConst""]",1,LOW,Ukraine conflict,
2dea94c472050e50f4e9f8e73d07e68e,Advantage Energy Targets 15 % Share Buyback as It Shifts to Free Cash Flow,https://finance.yahoo.com/markets/stocks/articles/advantage-energy-targets-15-share-180205155.html,20260823T004500Z,finance.yahoo.com,English,United States,natural gas,D2_품목,2026-08-23,"[""KI_EnergySecurity""]",1,LOW,Energy company buyback,
92fb59cb5e7b48e7ed4b2c064acf8651,Firefighters respond to house fire near SW 29th & Portland,https://www.koco.com/article/oklahoma-city-house-fire-near-sw-29th-portland/73503809,20260823T184500Z,koco.com,English,United States,natural gas,D2_품목,2026-08-23,[],0,NONE,,
90798361177a865b76ae6035673c7129,Industrial Stocks To Add to Your Watchlist – August 23rd,https://www.tickerreport.com/banking-finance/13555693/industrial-stocks-to-add-to-your-watchlist-august-23rd.html,20260823T184500Z,tickerreport.com,English,United States,natural gas,D2_품목,2026-08-23,[],0,NONE,,
661a3759b0b00658324a1b393c1bff20,Critical Survey : Gulf Island Fabrication ( NASDAQ : GIFI ) vs . Technip Energies ( OTCMKTS : THNPY ) ,https://www.tickerreport.com/banking-finance/13555689/critical-survey-gulf-island-fabrication-nasdaqgifi-vs-technip-energies-otcmktsthnpy.html,20260823T184500Z,tickerreport.com,English,United States,natural gas,D2_품목,2026-08-23,[],0,NONE,Company comparison,
e950e289dc58a01b21ef59ab4f83b76c,Airline Stocks Worth Watching – August 23rd,https://www.tickerreport.com/banking-finance/13555685/airline-stocks-worth-watching-august-23rd.html,20260823T184500Z,tickerreport.com,English,United States,refinery,D3_인프라,2026-08-23,[],0,NONE,,
8ec3ef6b157cc9c16c82b7ced6544867,Core Laboratories ( NYSE : CLB ) versus Innovex International ( NYSE : INVX ) Head - To - Head Survey,https://www.themarketsdaily.com/2026/08/23/core-laboratories-nyseclb-versus-innovex-international-nyseinvx-head-to-head-survey.html,20260823T183000Z,themarketsdaily.com,English,United States,crude oil,D2_품목,2026-08-23,[],0,NONE,Corporate comparison,
f6100601debaf4f90db6f7ac3fdd0508,Join hands against the U unilateral tariff pressures,https://organiser.org/2026/08/23/376629/bharat/join-hands-against-the-us-unilateral-tariff-pressures/,20260823T183000Z,organiser.org,English,India,crude oil,D2_품목,2026-08-23,[],0,NONE,Tariff negotiations,
7b0dd19aa38f47c5574883df3113d36d,"House for sale in Olathe : 944 N Pine Street N , Olathe , KS 66061",https://kansascityhomes.com/listing/KS/Olathe/944-N-Pine-Street-N-66061/232318401,20260823T183000Z,kansascityhomes.com,English,United States,natural gas,D2_품목,2026-08-23,[],0,NONE,,
bae517f56bfd24cf0f508b2f1477bf03,Oyo congratulates Bosun Olabiyi - Agoro as PENGASSAN President,https://punchng.com/oyo-congratulates-tuc-chairman-on-emergence-as-pengassan-president/,20260823T181500Z,punchng.com,English,Nigeria,natural gas,D2_품목,2026-08-23,[],0,NONE,,
746f8760c8f9b11e789f42a716e8a35c,10 highlights from PM Wong National Day Rally speech,https://www.straitstimes.com/singapore/politics/more-childcare-leave-bto-income-ceiling-raised-10-highlights-from-pm-wongs-national-day-rally-speech?ref=ndr-2026,20260823T180000Z,straitstimes.com,English,Singapore,refinery,D3_인프라,2026-08-23,[],0,NONE,,
5b4bf7d9c768ab242b48c392cde0d373,Iran Hangs Another January Protester As Surge In Executions Continues,http://www.pakistantelegraph.com/news/279260091/iran-hangs-another-january-protester-as-surge-in-executions-continues,20260823T174500Z,pakistantelegraph.com,English,Pakistan,Persian Gulf,D1_초크포인트,2026-08-23,[],0,NONE,Iran executions,
fa0875c4186fe41d1a58581af9f4f977,The Amateur Investor : Golden opportunities await,https://torontosun.com/business/the-amateur-investor-golden-opportunities-await,20260823T173000Z,torontosun.com,English,Canada,refinery,D3_인프라,2026-08-23,[],0,NONE,,
eff06b95685388b45d11d1c1c8afb345,The national debt just hit $40 trillion . But how much is $40 trillion ? ,https://us.cnn.com/2026/08/23/economy/national-debt-40-trillion,20260823T173000Z,us.cnn.com,English,United States,refinery,D3_인프라,2026-08-23,[],0,NONE,,
4abc7a078f3fc1a4c381fd27d0557512,The market for used EVs  is so hot  right now,https://www.popsci.com/technology/the-market-for-used-evs-is-so-hot-right-now/,20260823T171500Z,popsci.com,English,United States,Persian Gulf,D1_초크포인트,2026-08-23,[],0,NONE,,
45e45c896e9aafa5db7472a16b4afae2,"FPIs turn buyers again : Foreign investors pour Rs 23 , 544 crore into Indian equities in August",https://timesofindia.indiatimes.com/business/india-business/fpis-turn-buyers-again-foreign-investors-pour-rs-23544-crore-into-indian-equities-in-august/articleshow/133442132.cms,20260823T164500Z,timesofindia.indiatimes.com,English,India,crude oil,D2_품목,2026-08-23,[],0,NONE,Indian Equities FPI,
9f255d4dd6245f90dc3f6579e1ced83e,Comparing Iren ( IRDEY ) & Its Peers,https://www.dailypolitical.com/2026/08/23/comparing-iren-irdey-its-peers.html,20260823T164500Z,dailypolitical.com,English,United States,natural gas,D2_품목,2026-08-23,[],0,NONE,,
cdc3a415f371c17b5322d7b9bca7614f,An honourable deal with Donald Trump is all but impossible,https://www.therecord.com/opinion/contributors/the-truth-for-canada-an-honourable-deal-with-donald-trump-is-all-but-impossible/article_6f8de171-4527-534e-b578-5a089450658f.html,20260823T164500Z,therecord.com,English,Canada,natural gas,D2_품목,2026-08-23,[],0,NONE,,
cc2982e0950a1596788f31d9eb993884,Latest Articles,https://freerepublic.com/tag/*/index?more=4392838,20260823T164500Z,freerepublic.com,English,United States,natural gas,D2_품목,2026-08-23,[],0,NONE,,
28b74182b04affc3c79acc74dc04d9c4,wild shores of singapore : New  Western Island  to merge all southern reefs,https://wildshores.blogspot.com/2026/08/new-western-island-to-merge-all.html,20260823T164500Z,wildshores.blogspot.com,English,United States,petrochemical,D2_품목,2026-08-23,[],0,NONE,,
b9bf9650513a5d512a0a98637c185cc0,  Telling  evidence shows Trump defeat  only a matter of time : foreign policy expert,https://www.rawstory.com/trump-iran-2677760372/,20260823T154500Z,rawstory.com,English,United States,Persian Gulf,D1_초크포인트,2026-08-23,[],0,NONE,Political analysis,
0a4bbadd46b70ef9b4f49583626e37ca,"Reviewing Chesapeake Utilities ( NYSE : CPK ) & Infraestructura Energética Nova , S . A . P . I . de C . V . ( OTCMKTS : IENVF ) ",https://www.dailypolitical.com/2026/08/23/reviewing-chesapeake-utilities-nysecpk-infraestructura-energetica-nova-s-a-p-i-de-c-v-otcmktsienvf.html,20260823T154500Z,dailypolitical.com,English,United States,natural gas,D2_품목,2026-08-23,[],0,NONE,,
1a2144ef021850a22587c0e191fdc6d2,"Kaduna Clears N18bn Pension Arrears , Boosts Infrastructure",https://punchng.com/kaduna-clears-pension-arrears/,20260823T154500Z,punchng.com,English,Nigeria,natural gas,D2_품목,2026-08-23,[],0,NONE,,
9e036e64c6d9ca31474bd6b301ff4b2d,Varma Mutual Pension Insurance Co Makes New $51 . 26 Million Investment in Chevron Corporation $CVX,https://www.themarketsdaily.com/2026/08/23/varma-mutual-pension-insurance-co-makes-new-51-26-million-investment-in-chevron-corporation-cvx.html,20260823T153000Z,themarketsdaily.com,English,United States,natural gas,D2_품목,2026-08-23,[],0,NONE,Pension fund investment,
b569c836a45fb8457f719363b66512e4,"Fuel excise cuts cannot go on indefinitely , Enterprise Minister says - Homepage",https://www.roscommonherald.ie/fuel-excise-cuts-cannot-go-on-indefinitely-enterprise-minister-says_arid-109154.html,20260823T153000Z,roscommonherald.ie,English,Ireland,refinery,D3_인프라,2026-08-23,[],0,NONE,,
8538d8d2f3076340594f336e901edad1,"San Andreas Fault Is Moving Faster , Storing More Stress Than Scientists Knew",https://www.techtimes.com/articles/325249/20260823/san-andreas-fault-moving-faster-storing-more-stress-scientists-knew.htm,20260823T150000Z,techtimes.com,English,United States,natural gas,D2_품목,2026-08-23,[],0,NONE,Geological research,
5b1dca1ee60c7134525d5b16b975ee86,"Madison Wealth Partners Inc Acquires Shares of 3 , 880 Chevron Corporation $CVX",https://www.tickerreport.com/banking-finance/13555628/madison-wealth-partners-inc-acquires-shares-of-3880-chevron-corporation-cvx.html,20260823T150000Z,tickerreport.com,English,United States,natural gas,D2_품목,2026-08-23,[],0,NONE,Stock acquisition,
4e8f064ef9082ac550950ada1f052726,Mecca and the new Middle East : what it means for Cyprus,https://cyprus-mail.com/2026/08/23/mecca-and-the-new-middle-east-what-it-means-for-cyprus,20260823T144500Z,cyprus-mail.com,English,Cyprus,Suez Canal,D1_초크포인트,2026-08-23,"[""KC_LotteConst""]",1,NONE,Regional geopolitics,
c88bf77c8833f5e59b94dd038f381886,"PHOTO : Coordinator of another  fake agency  breaks silence , shares appointment letter",https://tribuneonlineng.com/photo-coordinator-of-another-fake-agency-breaks-silence-shares-appointment-letter/,20260823T144500Z,tribuneonlineng.com,English,Nigeria,crude oil,D2_품목,2026-08-23,[],0,NONE,Fake Agency News,
c27bfe7f27ca15eeabbd43e18338c715,W1M Asset Management Ltd Takes $2 . 94 Million Position in Chevron Corporation $CVX,https://www.themarketsdaily.com/2026/08/23/w1m-asset-management-ltd-takes-2-94-million-position-in-chevron-corporation-cvx.html,20260823T144500Z,themarketsdaily.com,English,United States,natural gas,D2_품목,2026-08-23,[],0,NONE,Stock investment,
7f4ff18ec6afdf4df1b2066cef9e91cb,Letters : Studies show  Idaho stop are safer for cyclists,https://www.mcall.com/2026/08/23/letters-to-the-editor-it-may-not-make-sense-but-studies-show-its-safer-if-cyclists-dont-have-to-stop/,20260823T144500Z,mcall.com,English,United States,refinery,D3_인프라,2026-08-23,[],0,NONE,,
e9774ec63fbb28ff4f6afe3a5fbf15da,"After 20 years , can California admit AB 32 failed ? ",https://www.dailybreeze.com/2026/08/23/after-20-years-can-california-admit-ab-32-failed/,20260823T133000Z,dailybreeze.com,English,United States,natural gas,D2_품목,2026-08-23,[],0,NONE,,
dabf74d4f54b4d3cdd92c6292e319d2c,Calfrac Well Services ( TSE : CFW ) Stock Crosses Above 200 Day Moving Average – Time to Sell ? ,https://www.themarketsdaily.com/2026/08/23/calfrac-well-services-tsecfw-stock-crosses-above-200-day-moving-average-time-to-sell.html,20260823T133000Z,themarketsdaily.com,English,United States,natural gas,D2_품목,2026-08-23,[],0,NONE,Stock technical analysis,
7288dc7ebce3e9c95c5e40275e4af705,"NDR 2026 : Semakau , Bukom and Pulau Sudong to be merged into new island for industrial , power needs",https://www.channelnewsasia.com/singapore/national-day-rally-2026-semakau-bukom-new-island-power-6335816,20260823T133000Z,channelnewsasia.com,English,United States,petrochemical,D2_품목,2026-08-23,"[""KC_KOMIPO"", ""KC_LotteConst""]",2,NONE,,
8ce3f521e540d5d280ffc2d34e72d055,NDR 2026 : Spore to merge several outer islands to form new Western island,https://www.straitstimes.com/singapore/politics/ndr-2026-spore-to-merge-several-outer-islands-to-form-new-western-island,20260823T133000Z,straitstimes.com,English,Singapore,refinery,D3_인프라,2026-08-23,[],0,NONE,,
5932945c464f0a7f3d80d72f0ad09532,"Top Indian Firms Lose Rs 87 , 960 Crore Market Cap ; Bharti Airtel , TCS Hit Hardest",https://www.rediff.com/business/report/top-indian-firms-lose-rs-87960-crore-market-cap-bharti-airtel-tcs-hit-hardest/20260823.htm,20260823T131500Z,rediff.com,English,India,crude oil,D2_품목,2026-08-23,[],0,NONE,Indian Firm Losses,
bee8a933d84649eaf3b657c357169fee,"Africa Intelligence Brief : August 23 , 2026",https://www.riotimesonline.com/africa-intelligence-brief-sunday-august-23-2026/,20260823T131500Z,riotimesonline.com,English,Brazil,refinery,D3_인프라,2026-08-23,[],0,NONE,,
db8fb1962f10840ac657abd21d2f7d6e,Petroleo Brasileiro S . A .- Petrobras Declares Special Dividend of $0 . 19 ( NYSE : PBR ) ,https://www.themarketsdaily.com/2026/08/23/petroleo-brasileiro-s-a-petrobras-declares-special-dividend-of-0-19-nysepbr.html,20260823T123000Z,themarketsdaily.com,English,United States,crude oil,D2_품목,2026-08-23,[],0,NONE,Petrobras dividend,
314e797b64d4a176bac7c9b18b7f8a0a,"Today in History : August 23 , former priest , convicted child molester dies in prison attack",https://www.nydailynews.com/2026/08/23/today-in-history-august-23-former-priest-convicted-child-molester-dies-in-prison-attack/,20260823T121500Z,nydailynews.com,English,United States,Persian Gulf,D1_초크포인트,2026-08-23,[],0,NONE,,
c58eeae35b28f6cf783825a634faa0f6,Explainer : Why the latest round of Canada - U . S . trade talks collapsed ? ,http://www.kenyastar.com/news/279259564/explainer-why-the-latest-round-of-canada-us-trade-talks-collapsed,20260823T121500Z,kenyastar.com,English,Kenya,crude oil,D2_품목,2026-08-23,[],0,NONE,Trade talks collapse,
32776a7e77899a4851c0922b7691f0d4,"Ieq Capital LLC Buys 61 , 096 Shares of EOG Resources , Inc . $EOG",https://www.themarketsdaily.com/2026/08/23/ieq-capital-llc-buys-61096-shares-of-eog-resources-inc-eog.html,20260823T121500Z,themarketsdaily.com,English,United States,crude oil,D2_품목,2026-08-23,[],0,NONE,Stock trading,
9426cacada3484b1040de5bd764d6229,India soars in space sector with 460 satellites in last 10 years : Hardeep Puri,https://www.prokerala.com/news/articles/a1803753.html,20260823T121500Z,prokerala.com,English,India,natural gas,D2_품목,2026-08-23,"[""KS_Construction""]",1,NONE,India space sector,
dda4974b898186744a9e4e1cf6cc120f,Head - To - Head Survey : Sixt ( OTCMKTS : SIXGF ) & DXP Enterprises ( NASDAQ : DXPE ) ,https://www.themarketsdaily.com/2026/08/23/head-to-head-survey-sixt-otcmktssixgf-dxp-enterprises-nasdaqdxpe.html,20260823T121500Z,themarketsdaily.com,English,United States,petrochemical,D2_품목,2026-08-23,[],0,NONE,,
8a13b74f1227de425be6b7104def3d5e,"Forex Weekly Forecast : GBP / USD , Gold & USD / CAD",https://www.dailyforex.com/forex-technical-analysis/2026/08/forex-markets-at-a-crossroads-as-dollar-loses-momentum-23th-to-28th-august-2026/248908,20260823T120000Z,dailyforex.com,English,United Kingdom,crude oil,D2_품목,2026-08-23,[],0,NONE,Forex forecast,
d91782a84f53b50b84a0fddc9f1800b1,Markets Weekly 24 to 28 / 08 : At a Tense Crossroads of Rates,https://www.dailyforex.com/forex-technical-analysis/2026/08/mayor-markets-showing-contrasting-signals-week-from-24th-to-28th-august-2026/248904,20260823T120000Z,dailyforex.com,English,United Kingdom,crude oil,D2_품목,2026-08-23,[],0,NONE,Market Weekly Outlook,
615f1b59cf546838fcb2c6f2e0613d6a,Why Philadelphia storm drains flood so easily and how the water department handles it,https://www.inquirer.com/newsletters/morning/why-philadephia-storm-drains-flood-easily-water-department-20260823.html,20260823T120000Z,inquirer.com,English,,refinery,D3_인프라,2026-08-23,"[""KC_LotteConst""]",1,NONE,,
66ebd71e83d480a9c38bc8667b033ae9,"Today in History : August 23 , farmworker  Salad Bowl strike  | Today in History",https://santamariatimes.com/lifestyles/today-in-history/today-in-history-august-23-farmworkers-salad-bowl-strike/article_a4e9e03d-e378-5460-83a9-a5e957063905.html,20260823T114500Z,santamariatimes.com,English,United States,Persian Gulf,D1_초크포인트,2026-08-23,[],0,NONE,Historical event,
044f5fe86d397453b9a8115f8a38c3de,"Today in History : August 23 , farmworker  Salad Bowl strike  ","http://www.sitkasentinel.com/stories/today-in-history-august-23-farmworkers-salad-bowl-strike,165781",20260823T113000Z,sitkasentinel.com,English,United States,Persian Gulf,D1_초크포인트,2026-08-23,[],0,NONE,Historical event,
b058c811b4e42bb78cc97866d4f10eba,"Mcap of four among most valued firms erodes Rs 87 , 960 cr ; Airtel worst hit amid bearish trend in equities",https://www.newindianexpress.com/business/2026/Aug/23/mcap-of-four-among-most-valued-firms-erodes-rs-87960-cr-airtel-worst-hit-amid-bearish-trend-in-equities,20260823T113000Z,newindianexpress.com,English,India,crude oil,D2_품목,2026-08-23,[],0,NONE,Market capitalization,
947f4f5769bbfbf195eafbd185b87135,"Expert View : If earnings are rising , why are markets still nervous ? ",https://www.livemint.com/market/stock-market-news/expert-view-if-earnings-are-rising-why-are-markets-still-nervous-11787479316156.html,20260823T113000Z,livemint.com,English,India,crude oil,D2_품목,2026-08-23,[],0,NONE,Market sentiment,
d44ed5faa62e94e9f30d78623adc128f,"FPIs invest ₹23 , 544 crore in Indian equities in Aug on earnings revival , rupee stability",https://www.thehindubusinessline.com/markets/fpis-invest-23544-crore-in-indian-equities-in-aug-on-earnings-revival-rupee-stability/article71380300.ece,20260823T113000Z,thehindubusinessline.com,English,India,crude oil,D2_품목,2026-08-23,[],0,NONE,FPI investment,
753b60cb40bdc3e5169e6e06b1bf6046,"Market recap : Rs 87 , 960 crore wiped off four top - 10 firms ; Airtel bears biggest loss",https://timesofindia.indiatimes.com/business/india-business/market-recap-rs-87960-crore-wiped-off-four-top-10-firms-airtel-bears-biggest-loss/articleshow/133438057.cms,20260823T113000Z,timesofindia.indiatimes.com,English,India,crude oil,D2_품목,2026-08-23,[],0,NONE,Indian Market Cap,
0a8198361d88e6633763c280f760d53f,Northwestern Mutual Wealth Management Co . Has $25 . 73 Million Position in Shell PLC Unsponsored ADR $SHEL,https://www.themarketsdaily.com/2026/08/23/northwestern-mutual-wealth-management-co-has-25-73-million-position-in-shell-plc-unsponsored-adr-shel.html,20260823T113000Z,themarketsdaily.com,English,United States,natural gas,D2_품목,2026-08-23,[],0,NONE,Investment portfolio,
b441a55c45e997444ea5fa25a65f4cdf,"Radio Station WHMI 93 . 5 FM Livingston County Michigan News , Weather , Traffic , Sports , School Updates , and the Best Classic Hit",https://www.whmi.com/news/fox/strait-hormuz-may-only-half-story-new-oil-threat-comes-focus,20260823T111500Z,whmi.com,English,United States,Persian Gulf,D1_초크포인트,2026-08-23,"[""KC_LotteConst""]",1,NONE,,
1a1f8f00a251b3754728c1ded28c15c2,"Greenland Capital Management LP Acquires Shares of 94 , 950 Consolidated Edison Inc $ED",https://www.themarketsdaily.com/2026/08/23/greenland-capital-management-lp-acquires-shares-of-94950-consolidated-edison-inc-ed.html,20260823T111500Z,themarketsdaily.com,English,United States,natural gas,D2_품목,2026-08-23,[],0,NONE,,
29f694864692600525bd64227a8461a4,مصر : تقلبات حذرة لسعر الدولار .. لامس 51 جنيهاً,https://www.okaz.com.sa/economy/na/2262486,20260823T110000Z,okaz.com.sa,English,Saudi Arabia,Suez Canal,D1_초크포인트,2026-08-23,[],0,NONE,Egyptian currency,
84b57a91528b34fea9a92864afbc7cf1,Press TVs news headlines,https://www.presstv.co.uk/Detail/2026/08/23/774916/Iran-US-economic-warfare-Persian-Gulf-Mohsen-Rezaei-Hormuz-Strait-,20260823T110000Z,presstv.co.uk,English,,Persian Gulf,D1_초크포인트,2026-08-23,[],0,NONE,News aggregation,
b1856503045b9f512027fef9806e6a01,"Top - 10 Firms See ₹87 , 960 Crore Mcap Erosion , Bharti Airtel Takes Biggest Hit",https://www.freepressjournal.in/business/top-10-firms-see-87960-crore-mcap-erosion-bharti-airtel-takes-biggest-hit,20260823T103000Z,freepressjournal.in,English,India,crude oil,D2_품목,2026-08-23,[],0,NONE,Market capitalization,
f835750a0cb5ec81796573dc385a2e6f,Prime Minister Carney delivers remarks on Canada - U . S . trade negotiations,https://www.globalsecurity.org/wmd/library/news/canada/2026/canada-260822-canadapm01.htm,20260823T103000Z,globalsecurity.org,English,Syria,crude oil,D2_품목,2026-08-23,[],0,NONE,Canada-US negotiations,
e93422617d4aae7b1d01d323dc08ce30,Full Texts of President Tinubu Presentation of 2025 Budget Proposal of N47 . 9Trn To Joint NASS,http://silverbirdtv.com/full-text-of-president-tinubus-presentation-of-2025-budget-proposal-n47-9trn-to-joint-nass/,20260823T101500Z,silverbirdtv.com,English,Nigeria,crude oil,D2_품목,2026-08-23,[],0,NONE,Nigeria budget proposal,
e84a24f334bf120862e34dcf53807434,"56 , 416 Shares in UGI Corporation $UGI Acquired by Landscape Capital Management L . L . C . ",https://www.themarketsdaily.com/2026/08/23/56416-shares-in-ugi-corporation-ugi-acquired-by-landscape-capital-management-l-l-c.html,20260823T101500Z,themarketsdaily.com,English,United States,natural gas,D2_품목,2026-08-23,[],0,NONE,Utility company investment,
1fbb2257291b849599157c798d1485b5,Why did US refuelling aircraft abruptly leave Bulgaria ?  Iranian threat or Russian plane ? ,https://www.theweek.in/news/world/2026/08/23/why-did-us-refuelling-aircraft-abruptly-leave-bulgaria-iranian-threat-or-russian-plane.html,20260823T093000Z,theweek.in,English,India,Persian Gulf,D1_초크포인트,2026-08-23,[],0,NONE,,
c6aae19e57863b4f6bcbf925861861c0,"Today in History : August 23 , farmworker  Salad Bowl strike  | Nation",http://www.cecildaily.com/ap/nation/today-in-history-august-23-farmworkers-salad-bowl-strike/article_90b28cc7-a733-5202-8780-4e9dfc4fb7d8.html,20260823T093000Z,cecildaily.com,English,United States,Persian Gulf,D1_초크포인트,2026-08-23,[],0,NONE,Historical event,
8014b34fd397837e7422a4418f3061b1,"Today in History : August 23 , farmworker  Salad Bowl strike  | National",http://www.wdtimes.com/news/national/today-in-history-august-23-farmworkers-salad-bowl-strike/article_a409f676-e193-505b-b51d-89470ba0079c.html,20260823T093000Z,wdtimes.com,English,United States,Persian Gulf,D1_초크포인트,2026-08-23,[],0,NONE,Historical event,
20d4c82d1be8f772a1a13a3266217754,Iran Hangs Another January Protester As Surge In Executions Continue,http://www.malaysiasun.com/news/279259505/iran-hangs-another-january-protester-as-surge-in-executions-continue,20260823T093000Z,malaysiasun.com,English,Malaysia,Persian Gulf,D1_초크포인트,2026-08-23,[],0,NONE,,
7a1ab5a8498b71b44b7e34657a20ef2f,"Sensex needs to cross 77 , 720 - 78 , 000 for recovery , Nifty eyes 24 , 400 - 24 , 600 : Analysts",https://www.prokerala.com/news/articles/a1803707.html,20260823T093000Z,prokerala.com,English,India,crude oil,D2_품목,2026-08-23,[],0,NONE,Indian Stock Index,
bc64e6fcc3bc8e9ee94a4a093599bb04,"10 , 639 Shares in Chevron Corporation $CVX Purchased by Evolve Private Wealth LLC",https://www.tickerreport.com/banking-finance/13554948/10639-shares-in-chevron-corporation-cvx-purchased-by-evolve-private-wealth-llc.html,20260823T093000Z,tickerreport.com,English,United States,natural gas,D2_품목,2026-08-23,[],0,NONE,Stock purchase,
b2e1255ff544fd5dac4b822d5517c30e,"Today in History : August 23 , farmworker  Salad Bowl strike  | U . S . ",https://www.gjsentinel.com/news/us/today-in-history-august-23-farmworkers-salad-bowl-strike/article_d384a705-0e16-5344-9b8f-823e5a76e75a.html,20260823T090000Z,gjsentinel.com,English,United States,Persian Gulf,D1_초크포인트,2026-08-23,[],0,NONE,,
e1fbae1b7940fc957b8b95ffbf131300,"HTX Research Examines U . S . AI Equities : Technology Remains Early , While Capital Expenditure and Valuations Have Entered the Late Cycle",http://www.prnewswire.com/news-releases/htx-research-examines-us-ai-equities-technology-remains-early-while-capital-expenditure-and-valuations-have-entered-the-late-cycle-302857764.html,20260823T090000Z,prnewswire.com,English,United States,crude oil,D2_품목,2026-08-23,"[""KC_LotteConst""]",1,NONE,US AI Equities,
7f25d32f6212ea58798c45c660f9c28d,"Mcap of four of top - 10 most valued firms erodes ₹87 , 960 crore ; Airtel takes biggest hit",https://www.thehindu.com/business/markets/mcap-of-four-of-top-10-most-valued-firms-erodes-87960-cr-airtel-takes-biggest-hit/article71380333.ece,20260823T084500Z,thehindu.com,English,India,crude oil,D2_품목,2026-08-23,[],0,NONE,Market capitalization,
fdf74711e4129feb105fe7bf8e92fd1b,"Today in History : August 23 , farmworker  Salad Bowl strike  | National news coverage",http://www.thegazette.com/news/national/today-in-history-august-23-farmworkers-salad-bowl-strike/article_ed97fb76-17ac-50b7-aa1e-1debd0bd845f.html,20260823T083000Z,thegazette.com,English,United States,Persian Gulf,D1_초크포인트,2026-08-23,[],0,NONE,,
4e9daec0cfa2b933b4ee8026ae4cfbd1,"Stock market holiday : Will the NSE , BSE remain closed on Friday next week for Raksha Bandhan ? ",https://www.livemint.com/market/stock-market-news/stock-market-holiday-will-the-nse-bse-remain-closed-on-friday-next-week-for-raksha-bandhan-11787465524134.html,20260823T083000Z,livemint.com,English,India,crude oil,D2_품목,2026-08-23,[],0,NONE,Stock market holiday,
eabf10274ea9b37e3804791b168f6776,Buy or sell : Ganesh Dongre of Anand Rathi recommends 3 stocks to buy on Monday - 24 August 2026,https://www.livemint.com/market/stock-market-news/buy-or-sell-ganesh-dongre-of-anand-rathi-recommends-3-stocks-to-buy-on-monday-24-august-2026-11787460916220.html,20260823T083000Z,livemint.com,English,India,crude oil,D2_품목,2026-08-23,[],0,NONE,Stock recommendations,
5c68612606d861d127adea2040cba9f8,Stocks under ₹100 : Sumeet Bagadia recommends three shares to buy on Monday - 24 August 2026,https://www.livemint.com/market/stock-market-news/stocks-under-rs-100-sumeet-bagadia-recommends-three-shares-to-buy-on-monday-24-august-2026-11787462320209.html,20260823T083000Z,livemint.com,English,India,crude oil,D2_품목,2026-08-23,[],0,NONE,Stock Recommendations,
8abe2bfa632babf9a2f4cf3f22ae7a8a,Chris Kelly Opinion : Shapiro issues  Archbald Amendment  ,https://www.thetimes-tribune.com/2026/08/23/chris-kelly-opinion-shapiro-issues-archbald-amendment/,20260823T083000Z,thetimes-tribune.com,English,United States,natural gas,D2_품목,2026-08-23,[],0,NONE,,
f137df3c14c306cb48157b32ebb7b935,CNG Price Rises To ₹97 . 50 Per Kg In Bhopal Ahead Of Raksha Bandhan,https://www.freepressjournal.in/bhopal/cng-price-rises-to-9750-per-kg-in-bhopal-ahead-of-raksha-bandhan,20260823T074500Z,freepressjournal.in,English,India,natural gas,D2_품목,2026-08-23,[],0,NONE,India CNG prices,
1880cfe080ad7b772f1607e6d5366806,"Mcap of four of top - 10 most valued firms erodes Rs 87 , 960 cr ; Airtel takes biggest hit",https://www.tribuneindia.com/news/business/mcap-of-four-of-top-10-most-valued-firms-erodes-rs-87960-cr-airtel-takes-biggest-hit/,20260823T073000Z,tribuneindia.com,English,India,crude oil,D2_품목,2026-08-23,[],0,NONE,Market capitalization,
fd259f4441819c30fc2caa89b1bca113,Babangida at 85 : From  Evil Geniu to Beneficent Oracle – THISDAYLIVE,https://www.thisdaylive.com/2026/08/23/babangida-at-85-from-evil-genius-to-beneficent-oracle/,20260823T073000Z,thisdaylive.com,English,Nigeria,petrochemical,D2_품목,2026-08-23,[],0,NONE,,
f74f104b178b3ecda564b4ddd518c10d,"Extend Petrol Delivery Service To Northern States For Price Uniformity , IPMAN Urges Dangote",https://leadership.ng/extend-petrol-delivery-service-to-northern-states-for-price-uniformity-ipman-urges-dangote/,20260823T071500Z,leadership.ng,English,Nigeria,refinery,D3_인프라,2026-08-23,[],0,NONE,,
6eba352cfd89361a7bfa603f09eef66b,Global Humanity in Search of Peace and Conflict Resolution,https://countercurrents.org/2026/08/global-humanity-in-search-of-peace-and-conflict-resolution/,20260823T070000Z,countercurrents.org,English,India,Persian Gulf,D1_초크포인트,2026-08-23,"[""KC_LotteConst""]",1,NONE,,
5e55726af81077ccee289845bf715eeb,PENGASSAN gets new national president - Blueprint Newspapers Limited,https://blueprint.ng/pengassan-gets-new-national-president/,20260823T070000Z,blueprint.ng,English,Nigeria,natural gas,D2_품목,2026-08-23,[],0,NONE,Industry leadership,
acf80331559f4ebc2c7d1d1afe2cc1ac,BOK expected to raise Korea 2026 growth estimate to over 3 %: experts,https://www.koreatimes.co.kr/economy/20260823/bok-expected-to-raise-koreas-2026-growth-estimate-to-over-3-experts,20260823T064500Z,koreatimes.co.kr,English,South Korea,Korea economy,D9_한국,2026-08-23,"[""KC_KAI""]",1,NONE,,
310b9107bde9a7d166380e97d9fa4bd3,"FPIs invest Rs 23 , 544 crore in Indian equities in Aug on earnings revival , rupee stability",https://www.dailyexcelsior.com/fpis-invest-rs-23544-crore-in-indian-equities-in-aug-on-earnings-revival-rupee-stability/,20260823T063000Z,dailyexcelsior.com,English,India,crude oil,D2_품목,2026-08-23,[],0,NONE,FPI investment,
c6fa402a422c7ac537cea090d0872bfb,Cuba was never  next : The United States is betting on a slow suffocation of the Castro regime by 2029 | International,https://english.elpais.com/international/2026-08-23/cuba-was-never-next-the-united-states-is-betting-on-a-slow-suffocation-of-the-castro-regime-by-2029.html,20260823T063000Z,english.elpais.com,English,Spain,crude oil,D2_품목,2026-08-23,[],0,NONE,US-Cuba relations,
00eebef3f946964d2f4cf00e11f138e7,Cement astronomical price : Can FCCPC tame the monsters ? ,https://tribuneonlineng.com/cements-astronomical-price-can-fccpc-tame-the-monsters/,20260823T063000Z,tribuneonlineng.com,English,Nigeria,refinery,D3_인프라,2026-08-23,[],0,NONE,,
ea1700b1d62f22ed9eb6fbdf165660cd,"Run Silent , Run Deep",https://townhall.com/columnists/alanjosephbauer/2026/08/23/run-silent-run-deep-n2681666,20260823T061500Z,townhall.com,English,United States,Suez Canal,D1_초크포인트,2026-08-23,[],0,NONE,Unrelated content,
2adc219ae6225c1848545c331a01be3e,Welspun Corp leads as over 10 Nifty 500 stocks gain 10 – 23 % this week despite market volatility,https://www.livemint.com/market/stock-market-news/welspun-corp-leads-as-over-10-nifty-500-stocks-gain-10-23-this-week-despite-market-volatility-11787385989520.html,20260823T050000Z,livemint.com,English,India,crude oil,D2_품목,2026-08-23,[],0,NONE,,
f1e987e8c37f7ee11d3a2d3088af5a0d,Hunter Biden is stopped in his tracks by Bill Maher reality check as they argue about Iran war,https://www.dailymail.com/news/article-16073121/hunter-biden-bill-maher-iran-war-democrats.html,20260823T044500Z,dailymail.com,English,United States,Persian Gulf,D1_초크포인트,2026-08-23,"[""EVT_Ukraine2022""]",1,NONE,Political commentary,
617679644475673aaa195f77771f7cb4,"2027 budget to focus on cost of living and investments , says Fahmi",https://www.freemalaysiatoday.com/category/nation/2026/08/23/2027-budget-to-focus-on-cost-of-living-investments-says-fahmi,20260823T044500Z,freemalaysiatoday.com,English,Malaysia,crude oil,D2_품목,2026-08-23,"[""KC_LotteConst""]",1,NONE,,
ffd1283eb91fa3d3ae94298b097121a0,"How will Sensex , Nifty behave on Monday ? 4 factors to drive D - Street action this week",https://economictimes.indiatimes.com/markets/stocks/news/how-will-sensex-nifty-behave-on-monday-4-factors-to-drive-d-street-action-this-week/articleshow/133433930.cms,20260823T044500Z,economictimes.indiatimes.com,English,India,crude oil,D2_품목,2026-08-23,[],0,NONE,Indian Market Outlook,
828e6f803ee4ee234051b963633472d7,"Foreign investor buying continues amid strong GDP , earnings growth",https://ianslive.in/foreign-investors-buying-continues-amid-improving-gdp-growth-strong-earnings--20260823093950,20260823T044500Z,ianslive.in,English,India,crude oil,D2_품목,2026-08-23,[],0,NONE,Foreign Investor Buying,
61984d1740583ce15e0f4b8c81106b2f,Elon Musk Tesla gives up on its Solar Roof tiles as EV maker  leans into fossil fuel : Report,https://www.livemint.com/companies/news/elon-musk-s-tesla-gives-up-on-its-solar-roof-tiles-as-ev-maker-leans-into-fossil-fuels-report-11787448321014.html,20260823T044500Z,livemint.com,English,India,natural gas,D2_품목,2026-08-23,[],0,NONE,,
572f78113250882692ce027d2a67ef13,"LPG , CNG , PNG prices today , August 23 : Check latest rates in Delhi , Mumbai , Jaipur , other cities",https://www.businesstoday.in/india/story/lpg-cng-png-prices-today-august-23-check-latest-rates-in-delhi-mumbai-jaipur-other-cities-550788-2026-08-23,20260823T043000Z,businesstoday.in,English,India,natural gas,D2_품목,2026-08-23,[],0,NONE,India fuel prices,
722961d44841bdc5a7b91204475b1569,Moonilal : ExxonMobil completes seismic survey ahead of schedule,https://trinidadexpress.com/business/local/moonilal-exxonmobil-completes-seismic-survey-ahead-of-schedule/article_cee77af9-4ab1-4c99-9268-bcfbbc609279.html,20260823T040000Z,trinidadexpress.com,English,Trinidad and Tobago,petrochemical,D2_품목,2026-08-23,[],0,NONE,,
fb132f7cd2cca59ddcb0c46209768a69,Jim Cramer Wasnt Happy About Chevron Corporation ( NYSE : CVX ) Price Target Cut,https://www.insidermonkey.com/blog/jim-cramer-wasnt-happy-about-chevron-corporation-nysecvx-price-target-cut-1818029/,20260823T033000Z,insidermonkey.com,English,United States,natural gas,D2_품목,2026-08-23,[],0,NONE,Stock price analysis,
f39b887c31a42bb85b20f6aa9f7e5b2f,"The 2026 Delta Economic and Investment Summit , by Dele Sobowale",https://www.vanguardngr.com/2026/08/the-2026-delta-economic-and-investment-summit-by-dele-sobowale/,20260823T014500Z,vanguardngr.com,English,Nigeria,crude oil,D2_품목,2026-08-23,"[""KC_LotteConst""]",1,NONE,Economic summit,
f738c70a22bc955c69750a4519df2f35,What are companies getting for all that AI spending ? ,https://www.thestar.com.my/tech/tech-news/2026/08/23/what-are-companies-getting-for-all-that-ai-spending,20260823T014500Z,thestar.com.my,English,Malaysia,crude oil,D2_품목,2026-08-23,[],0,NONE,AI spending analysis,
52eab33f75e41e042f7b250329c6c67b,Contrasting Snam ( SNMRF ) & Its Peers,https://www.dailypolitical.com/2026/08/22/contrasting-snam-snmrf-its-peers.html,20260823T014500Z,dailypolitical.com,English,United States,natural gas,D2_품목,2026-08-23,[],0,NONE,,
d24b963c6f23a59326dff889f2146537,Can Cypru sunken treasure ever be found ? ,https://cyprus-mail.com/2026/08/23/can-cyprus-sunken-treasure-ever-be-found,20260823T014500Z,cyprus-mail.com,English,Cyprus,natural gas,D2_품목,2026-08-23,[],0,NONE,Maritime archaeology,
